{
    "confidence_score": 0.9477763175964355,
    "ptm": 0.974030613899231,
    "iptm": 0.9864468574523926,
    "ligand_iptm": 0.9864468574523926,
    "protein_iptm": 0.0,
    "complex_plddt": 0.9381086826324463,
    "complex_iplddt": 0.9159563779830933,
    "complex_pde": 0.34394603967666626,
    "complex_ipde": 0.4390444755554199,
    "chains_ptm": {
        "0": 0.9724771976470947,
        "1": 0.9423134326934814
    },
    "pair_chains_iptm": {
        "0": {
            "0": 0.9724771976470947,
            "1": 0.8233789205551147
        },
        "1": {
            "0": 0.9864468574523926,
            "1": 0.9423134326934814
        }
    }
}