{
    "confidence_score": 0.9486603140830994,
    "ptm": 0.9512295126914978,
    "iptm": 0.9858312010765076,
    "ligand_iptm": 0.9858312010765076,
    "protein_iptm": 0.0,
    "complex_plddt": 0.9393675327301025,
    "complex_iplddt": 0.9641129374504089,
    "complex_pde": 0.3857076168060303,
    "complex_ipde": 0.5145171284675598,
    "chains_ptm": {
        "0": 0.9472665786743164,
        "1": 0.9489078521728516
    },
    "pair_chains_iptm": {
        "0": {
            "0": 0.9472665786743164,
            "1": 0.7683390974998474
        },
        "1": {
            "0": 0.9858312010765076,
            "1": 0.9489078521728516
        }
    }
}