{
    "confidence_score": 0.973214328289032,
    "ptm": 0.9825422167778015,
    "iptm": 0.9866345524787903,
    "ligand_iptm": 0.9866345524787903,
    "protein_iptm": 0.0,
    "complex_plddt": 0.96985924243927,
    "complex_iplddt": 0.9649894833564758,
    "complex_pde": 0.3224533200263977,
    "complex_ipde": 0.4385663866996765,
    "chains_ptm": {
        "0": 0.98225337266922,
        "1": 0.9646673798561096,
        "2": 0.9728859066963196
    },
    "pair_chains_iptm": {
        "0": {
            "0": 0.98225337266922,
            "1": 0.8434165716171265,
            "2": 0.5813261866569519
        },
        "1": {
            "0": 0.9899680614471436,
            "1": 0.9646673798561096,
            "2": 0.6972587704658508
        },
        "2": {
            "0": 0.9730085134506226,
            "1": 0.8971779346466064,
            "2": 0.9728859066963196
        }
    }
}