{
    "confidence_score": 0.9671579599380493,
    "ptm": 0.9761528968811035,
    "iptm": 0.9867727756500244,
    "ligand_iptm": 0.9867727756500244,
    "protein_iptm": 0.0,
    "complex_plddt": 0.9622541666030884,
    "complex_iplddt": 0.9643689393997192,
    "complex_pde": 0.33689573407173157,
    "complex_ipde": 0.4176414906978607,
    "chains_ptm": {
        "0": 0.9747239351272583,
        "1": 0.9426108598709106
    },
    "pair_chains_iptm": {
        "0": {
            "0": 0.9747239351272583,
            "1": 0.7965701818466187
        },
        "1": {
            "0": 0.9867727756500244,
            "1": 0.9426108598709106
        }
    }
}