{
    "confidence_score": 0.9551569223403931,
    "ptm": 0.9726965427398682,
    "iptm": 0.9871551990509033,
    "ligand_iptm": 0.9871551990509033,
    "protein_iptm": 0.0,
    "complex_plddt": 0.9471573233604431,
    "complex_iplddt": 0.9541366100311279,
    "complex_pde": 0.35805878043174744,
    "complex_ipde": 0.4854491353034973,
    "chains_ptm": {
        "0": 0.9707634449005127,
        "1": 0.9497160315513611
    },
    "pair_chains_iptm": {
        "0": {
            "0": 0.9707634449005127,
            "1": 0.8045171499252319
        },
        "1": {
            "0": 0.9871551990509033,
            "1": 0.9497160315513611
        }
    }
}