{
    "confidence_score": 0.9755606055259705,
    "ptm": 0.982643723487854,
    "iptm": 0.9874427318572998,
    "ligand_iptm": 0.9874427318572998,
    "protein_iptm": 0.0,
    "complex_plddt": 0.9725900292396545,
    "complex_iplddt": 0.9744300842285156,
    "complex_pde": 0.32032495737075806,
    "complex_ipde": 0.41975080966949463,
    "chains_ptm": {
        "0": 0.9819337725639343,
        "1": 0.9505786299705505,
        "2": 0.9722322225570679
    },
    "pair_chains_iptm": {
        "0": {
            "0": 0.9819337725639343,
            "1": 0.8615139722824097,
            "2": 0.6295649409294128
        },
        "1": {
            "0": 0.990201473236084,
            "1": 0.9505786299705505,
            "2": 0.7435300350189209
        },
        "2": {
            "0": 0.9770857691764832,
            "1": 0.9297286868095398,
            "2": 0.9722322225570679
        }
    }
}