{
    "confidence_score": 0.9506236910820007,
    "ptm": 0.9722762703895569,
    "iptm": 0.986015796661377,
    "ligand_iptm": 0.986015796661377,
    "protein_iptm": 0.0,
    "complex_plddt": 0.9417756795883179,
    "complex_iplddt": 0.9551584720611572,
    "complex_pde": 0.3677099943161011,
    "complex_ipde": 0.49229711294174194,
    "chains_ptm": {
        "0": 0.970458984375,
        "1": 0.9408766031265259
    },
    "pair_chains_iptm": {
        "0": {
            "0": 0.970458984375,
            "1": 0.7803894877433777
        },
        "1": {
            "0": 0.986015796661377,
            "1": 0.9408766031265259
        }
    }
}