{
    "confidence_score": 0.9280032515525818,
    "ptm": 0.9664466381072998,
    "iptm": 0.9838470816612244,
    "ligand_iptm": 0.9838470816612244,
    "protein_iptm": 0.0,
    "complex_plddt": 0.9140422344207764,
    "complex_iplddt": 0.8887471556663513,
    "complex_pde": 0.3759377896785736,
    "complex_ipde": 0.49253034591674805,
    "chains_ptm": {
        "0": 0.9641861319541931,
        "1": 0.9187592267990112
    },
    "pair_chains_iptm": {
        "0": {
            "0": 0.9641861319541931,
            "1": 0.8030301928520203
        },
        "1": {
            "0": 0.9838470816612244,
            "1": 0.9187592267990112
        }
    }
}