{
    "confidence_score": 0.9344296455383301,
    "ptm": 0.9670067429542542,
    "iptm": 0.9840636253356934,
    "ligand_iptm": 0.9840636253356934,
    "protein_iptm": 0.0,
    "complex_plddt": 0.9220211505889893,
    "complex_iplddt": 0.8992446064949036,
    "complex_pde": 0.373736709356308,
    "complex_ipde": 0.4861515760421753,
    "chains_ptm": {
        "0": 0.9647796154022217,
        "1": 0.9196431636810303
    },
    "pair_chains_iptm": {
        "0": {
            "0": 0.9647796154022217,
            "1": 0.8032732009887695
        },
        "1": {
            "0": 0.9840636253356934,
            "1": 0.9196431636810303
        }
    }
}