{
    "confidence_score": 0.9543763995170593,
    "ptm": 0.9731206893920898,
    "iptm": 0.9835414886474609,
    "ligand_iptm": 0.9835414886474609,
    "protein_iptm": 0.0,
    "complex_plddt": 0.9470851421356201,
    "complex_iplddt": 0.936053454875946,
    "complex_pde": 0.37216395139694214,
    "complex_ipde": 0.5830848813056946,
    "chains_ptm": {
        "0": 0.9717498421669006,
        "1": 0.9249364137649536
    },
    "pair_chains_iptm": {
        "0": {
            "0": 0.9717498421669006,
            "1": 0.8117296099662781
        },
        "1": {
            "0": 0.9835414886474609,
            "1": 0.9249364137649536
        }
    }
}