{
    "confidence_score": 0.9580758213996887,
    "ptm": 0.980374276638031,
    "iptm": 0.9849750995635986,
    "ligand_iptm": 0.9849750995635986,
    "protein_iptm": 0.0,
    "complex_plddt": 0.95135098695755,
    "complex_iplddt": 0.9350021481513977,
    "complex_pde": 0.3251071274280548,
    "complex_ipde": 0.44811829924583435,
    "chains_ptm": {
        "0": 0.9800094962120056,
        "1": 0.9556970000267029,
        "2": 0.9669275879859924
    },
    "pair_chains_iptm": {
        "0": {
            "0": 0.9800094962120056,
            "1": 0.8283030986785889,
            "2": 0.49460598826408386
        },
        "1": {
            "0": 0.989298403263092,
            "1": 0.9556970000267029,
            "2": 0.5762377977371216
        },
        "2": {
            "0": 0.9708731174468994,
            "1": 0.897953450679779,
            "2": 0.9669275879859924
        }
    }
}