{
    "confidence_score": 0.9549186825752258,
    "ptm": 0.9736493229866028,
    "iptm": 0.9868113994598389,
    "ligand_iptm": 0.9868113994598389,
    "protein_iptm": 0.0,
    "complex_plddt": 0.9469454884529114,
    "complex_iplddt": 0.957958996295929,
    "complex_pde": 0.338071346282959,
    "complex_ipde": 0.4235364496707916,
    "chains_ptm": {
        "0": 0.97188800573349,
        "1": 0.9501063823699951
    },
    "pair_chains_iptm": {
        "0": {
            "0": 0.97188800573349,
            "1": 0.8224802017211914
        },
        "1": {
            "0": 0.9868113994598389,
            "1": 0.9501063823699951
        }
    }
}