{
    "confidence_score": 0.9469701647758484,
    "ptm": 0.9406387805938721,
    "iptm": 0.987089216709137,
    "ligand_iptm": 0.987089216709137,
    "protein_iptm": 0.0,
    "complex_plddt": 0.9369404315948486,
    "complex_iplddt": 0.9606468677520752,
    "complex_pde": 0.38934651017189026,
    "complex_ipde": 0.47066396474838257,
    "chains_ptm": {
        "0": 0.934597909450531,
        "1": 0.9328073859214783
    },
    "pair_chains_iptm": {
        "0": {
            "0": 0.934597909450531,
            "1": 0.8156020641326904
        },
        "1": {
            "0": 0.987089216709137,
            "1": 0.9328073859214783
        }
    }
}