{
    "confidence_score": 0.9419763684272766,
    "ptm": 0.9428435564041138,
    "iptm": 0.9854905605316162,
    "ligand_iptm": 0.9854905605316162,
    "protein_iptm": 0.0,
    "complex_plddt": 0.9310978651046753,
    "complex_iplddt": 0.9584549069404602,
    "complex_pde": 0.4072778522968292,
    "complex_ipde": 0.4943879246711731,
    "chains_ptm": {
        "0": 0.9374269843101501,
        "1": 0.9265308380126953
    },
    "pair_chains_iptm": {
        "0": {
            "0": 0.9374269843101501,
            "1": 0.8108829259872437
        },
        "1": {
            "0": 0.9854905605316162,
            "1": 0.9265308380126953
        }
    }
}