{
    "confidence_score": 0.9646068811416626,
    "ptm": 0.9744663834571838,
    "iptm": 0.985783576965332,
    "ligand_iptm": 0.985783576965332,
    "protein_iptm": 0.0,
    "complex_plddt": 0.9593126177787781,
    "complex_iplddt": 0.9641907811164856,
    "complex_pde": 0.343222051858902,
    "complex_ipde": 0.45902809500694275,
    "chains_ptm": {
        "0": 0.9734799265861511,
        "1": 0.9424063563346863
    },
    "pair_chains_iptm": {
        "0": {
            "0": 0.9734799265861511,
            "1": 0.8125715851783752
        },
        "1": {
            "0": 0.985783576965332,
            "1": 0.9424063563346863
        }
    }
}