{
    "confidence_score": 0.9196085333824158,
    "ptm": 0.9346110224723816,
    "iptm": 0.9883947968482971,
    "ligand_iptm": 0.9883947968482971,
    "protein_iptm": 0.0,
    "complex_plddt": 0.9024118781089783,
    "complex_iplddt": 0.9202952980995178,
    "complex_pde": 0.5389189720153809,
    "complex_ipde": 0.5768479704856873,
    "chains_ptm": {
        "0": 0.9280875325202942,
        "1": 0.9353845119476318
    },
    "pair_chains_iptm": {
        "0": {
            "0": 0.9280875325202942,
            "1": 0.7954666018486023
        },
        "1": {
            "0": 0.9883947968482971,
            "1": 0.9353845119476318
        }
    }
}