{
    "confidence_score": 0.914046585559845,
    "ptm": 0.9422146677970886,
    "iptm": 0.9886370301246643,
    "ligand_iptm": 0.9886370301246643,
    "protein_iptm": 0.0,
    "complex_plddt": 0.8953989148139954,
    "complex_iplddt": 0.9132876992225647,
    "complex_pde": 0.5229390859603882,
    "complex_ipde": 0.5638889074325562,
    "chains_ptm": {
        "0": 0.9365883469581604,
        "1": 0.9342401027679443
    },
    "pair_chains_iptm": {
        "0": {
            "0": 0.9365883469581604,
            "1": 0.8128373026847839
        },
        "1": {
            "0": 0.9886370301246643,
            "1": 0.9342401027679443
        }
    }
}