{
    "confidence_score": 0.9624184966087341,
    "ptm": 0.9808923602104187,
    "iptm": 0.986052393913269,
    "ligand_iptm": 0.986052393913269,
    "protein_iptm": 0.0,
    "complex_plddt": 0.9565100073814392,
    "complex_iplddt": 0.9527350664138794,
    "complex_pde": 0.32602494955062866,
    "complex_ipde": 0.4361474812030792,
    "chains_ptm": {
        "0": 0.9805230498313904,
        "1": 0.9636838436126709,
        "2": 0.9674378037452698
    },
    "pair_chains_iptm": {
        "0": {
            "0": 0.9805230498313904,
            "1": 0.8309643268585205,
            "2": 0.5022122263908386
        },
        "1": {
            "0": 0.9904677867889404,
            "1": 0.9636838436126709,
            "2": 0.5976005792617798
        },
        "2": {
            "0": 0.9686523079872131,
            "1": 0.889739453792572,
            "2": 0.9674378037452698
        }
    }
}