{
    "confidence_score": 0.9582759737968445,
    "ptm": 0.9749590158462524,
    "iptm": 0.9852602481842041,
    "ligand_iptm": 0.9852602481842041,
    "protein_iptm": 0.0,
    "complex_plddt": 0.9515299201011658,
    "complex_iplddt": 0.941767156124115,
    "complex_pde": 0.3434520363807678,
    "complex_ipde": 0.4896978437900543,
    "chains_ptm": {
        "0": 0.9741912484169006,
        "1": 0.9419936537742615
    },
    "pair_chains_iptm": {
        "0": {
            "0": 0.9741912484169006,
            "1": 0.7996237874031067
        },
        "1": {
            "0": 0.9852602481842041,
            "1": 0.9419936537742615
        }
    }
}