{
    "confidence_score": 0.9516483545303345,
    "ptm": 0.9701933264732361,
    "iptm": 0.9510398507118225,
    "ligand_iptm": 0.9510398507118225,
    "protein_iptm": 0.0,
    "complex_plddt": 0.9518004655838013,
    "complex_iplddt": 0.9135182499885559,
    "complex_pde": 0.47017112374305725,
    "complex_ipde": 1.0206537246704102,
    "chains_ptm": {
        "0": 0.974582314491272,
        "1": 0.9547833800315857,
        "2": 0.9682155251502991
    },
    "pair_chains_iptm": {
        "0": {
            "0": 0.974582314491272,
            "1": 0.8074426651000977,
            "2": 0.25596076250076294
        },
        "1": {
            "0": 0.9892849326133728,
            "1": 0.9547833800315857,
            "2": 0.28529536724090576
        },
        "2": {
            "0": 0.7693469524383545,
            "1": 0.6432023048400879,
            "2": 0.9682155251502991
        }
    }
}