{
    "confidence_score": 0.9708977937698364,
    "ptm": 0.9750763773918152,
    "iptm": 0.9850043654441833,
    "ligand_iptm": 0.9850043654441833,
    "protein_iptm": 0.0,
    "complex_plddt": 0.9673711657524109,
    "complex_iplddt": 0.9681884050369263,
    "complex_pde": 0.3290649652481079,
    "complex_ipde": 0.4373372197151184,
    "chains_ptm": {
        "0": 0.9737192988395691,
        "1": 0.9343245029449463
    },
    "pair_chains_iptm": {
        "0": {
            "0": 0.9737192988395691,
            "1": 0.8088861107826233
        },
        "1": {
            "0": 0.9850043654441833,
            "1": 0.9343245029449463
        }
    }
}