{
    "confidence_score": 0.8768444061279297,
    "ptm": 0.8992866277694702,
    "iptm": 0.988659143447876,
    "ligand_iptm": 0.988659143447876,
    "protein_iptm": 0.0,
    "complex_plddt": 0.8488907217979431,
    "complex_iplddt": 0.8819700479507446,
    "complex_pde": 0.7626071572303772,
    "complex_ipde": 0.7750178575515747,
    "chains_ptm": {
        "0": 0.8885722756385803,
        "1": 0.9393357038497925
    },
    "pair_chains_iptm": {
        "0": {
            "0": 0.8885722756385803,
            "1": 0.7774851322174072
        },
        "1": {
            "0": 0.988659143447876,
            "1": 0.9393357038497925
        }
    }
}