{
    "confidence_score": 0.8913837671279907,
    "ptm": 0.912921130657196,
    "iptm": 0.9882728457450867,
    "ligand_iptm": 0.9882728457450867,
    "protein_iptm": 0.0,
    "complex_plddt": 0.8671614527702332,
    "complex_iplddt": 0.9054691195487976,
    "complex_pde": 0.6690198183059692,
    "complex_ipde": 0.7261941432952881,
    "chains_ptm": {
        "0": 0.9040511250495911,
        "1": 0.9331289529800415
    },
    "pair_chains_iptm": {
        "0": {
            "0": 0.9040511250495911,
            "1": 0.7843797206878662
        },
        "1": {
            "0": 0.9882728457450867,
            "1": 0.9331289529800415
        }
    }
}