{
    "confidence_score": 0.9722127318382263,
    "ptm": 0.987208366394043,
    "iptm": 0.9903994202613831,
    "ligand_iptm": 0.9903994202613831,
    "protein_iptm": 0.0,
    "complex_plddt": 0.9676660299301147,
    "complex_iplddt": 0.9715310335159302,
    "complex_pde": 0.2918968200683594,
    "complex_ipde": 0.35833945870399475,
    "chains_ptm": {
        "0": 0.9868621230125427,
        "1": 0.9578790664672852
    },
    "pair_chains_iptm": {
        "0": {
            "0": 0.9868621230125427,
            "1": 0.8782653212547302
        },
        "1": {
            "0": 0.9903994202613831,
            "1": 0.9578790664672852
        }
    }
}