{
    "confidence_score": 0.8887996673583984,
    "ptm": 0.9343919157981873,
    "iptm": 0.9820395112037659,
    "ligand_iptm": 0.9820395112037659,
    "protein_iptm": 0.0,
    "complex_plddt": 0.865489661693573,
    "complex_iplddt": 0.8999407887458801,
    "complex_pde": 0.5415117144584656,
    "complex_ipde": 0.5935229659080505,
    "chains_ptm": {
        "0": 0.9289257526397705,
        "1": 0.9407248497009277
    },
    "pair_chains_iptm": {
        "0": {
            "0": 0.9289257526397705,
            "1": 0.7386572360992432
        },
        "1": {
            "0": 0.9820395112037659,
            "1": 0.9407248497009277
        }
    }
}