{
    "confidence_score": 0.9592291116714478,
    "ptm": 0.978843629360199,
    "iptm": 0.9873737692832947,
    "ligand_iptm": 0.9873737692832947,
    "protein_iptm": 0.0,
    "complex_plddt": 0.9521929025650024,
    "complex_iplddt": 0.9480739831924438,
    "complex_pde": 0.34054091572761536,
    "complex_ipde": 0.4536359906196594,
    "chains_ptm": {
        "0": 0.9775657653808594,
        "1": 0.9655392169952393,
        "2": 0.9746976494789124
    },
    "pair_chains_iptm": {
        "0": {
            "0": 0.9775657653808594,
            "1": 0.849825918674469,
            "2": 0.5895103812217712
        },
        "1": {
            "0": 0.9905591607093811,
            "1": 0.9655392169952393,
            "2": 0.7215646505355835
        },
        "2": {
            "0": 0.9731053709983826,
            "1": 0.9212758541107178,
            "2": 0.9746976494789124
        }
    }
}