{
    "confidence_score": 0.9617700576782227,
    "ptm": 0.9731473326683044,
    "iptm": 0.9843745231628418,
    "ligand_iptm": 0.9843745231628418,
    "protein_iptm": 0.0,
    "complex_plddt": 0.9561188817024231,
    "complex_iplddt": 0.9559206366539001,
    "complex_pde": 0.3737088143825531,
    "complex_ipde": 0.5296834111213684,
    "chains_ptm": {
        "0": 0.9713683724403381,
        "1": 0.959266722202301,
        "2": 0.9706667065620422
    },
    "pair_chains_iptm": {
        "0": {
            "0": 0.9713683724403381,
            "1": 0.817534327507019,
            "2": 0.5583093762397766
        },
        "1": {
            "0": 0.9892507195472717,
            "1": 0.959266722202301,
            "2": 0.6922941207885742
        },
        "2": {
            "0": 0.9668435454368591,
            "1": 0.8814994096755981,
            "2": 0.9706667065620422
        }
    }
}