{
    "confidence_score": 0.9694774746894836,
    "ptm": 0.9824696779251099,
    "iptm": 0.9861555695533752,
    "ligand_iptm": 0.9861555695533752,
    "protein_iptm": 0.0,
    "complex_plddt": 0.965307891368866,
    "complex_iplddt": 0.9664308428764343,
    "complex_pde": 0.3251640796661377,
    "complex_ipde": 0.4500436782836914,
    "chains_ptm": {
        "0": 0.9819445013999939,
        "1": 0.9578237533569336,
        "2": 0.9755522608757019
    },
    "pair_chains_iptm": {
        "0": {
            "0": 0.9819445013999939,
            "1": 0.8694326281547546,
            "2": 0.5629917979240417
        },
        "1": {
            "0": 0.9909566044807434,
            "1": 0.9578237533569336,
            "2": 0.7219160795211792
        },
        "2": {
            "0": 0.9665178060531616,
            "1": 0.9177453517913818,
            "2": 0.9755522608757019
        }
    }
}