{
    "confidence_score": 0.9636802673339844,
    "ptm": 0.9757567048072815,
    "iptm": 0.9870452284812927,
    "ligand_iptm": 0.9870452284812927,
    "protein_iptm": 0.0,
    "complex_plddt": 0.9578390717506409,
    "complex_iplddt": 0.9502022862434387,
    "complex_pde": 0.33842703700065613,
    "complex_ipde": 0.4538515508174896,
    "chains_ptm": {
        "0": 0.9748252034187317,
        "1": 0.9428470134735107
    },
    "pair_chains_iptm": {
        "0": {
            "0": 0.9748252034187317,
            "1": 0.8278018236160278
        },
        "1": {
            "0": 0.9870452284812927,
            "1": 0.9428470134735107
        }
    }
}