{
    "confidence_score": 0.9691175818443298,
    "ptm": 0.9768454432487488,
    "iptm": 0.9881196618080139,
    "ligand_iptm": 0.9881196618080139,
    "protein_iptm": 0.0,
    "complex_plddt": 0.9643670320510864,
    "complex_iplddt": 0.9718478322029114,
    "complex_pde": 0.32203730940818787,
    "complex_ipde": 0.3999868333339691,
    "chains_ptm": {
        "0": 0.9759116172790527,
        "1": 0.9503128528594971
    },
    "pair_chains_iptm": {
        "0": {
            "0": 0.9759116172790527,
            "1": 0.8647575378417969
        },
        "1": {
            "0": 0.9881196618080139,
            "1": 0.9503128528594971
        }
    }
}