{
    "confidence_score": 0.9712488055229187,
    "ptm": 0.982165515422821,
    "iptm": 0.9881443977355957,
    "ligand_iptm": 0.9881443977355957,
    "protein_iptm": 0.0,
    "complex_plddt": 0.9670248627662659,
    "complex_iplddt": 0.9680243134498596,
    "complex_pde": 0.3150477111339569,
    "complex_ipde": 0.4087427258491516,
    "chains_ptm": {
        "0": 0.9816591739654541,
        "1": 0.9646680355072021,
        "2": 0.9663354158401489
    },
    "pair_chains_iptm": {
        "0": {
            "0": 0.9816591739654541,
            "1": 0.8718520402908325,
            "2": 0.5788686275482178
        },
        "1": {
            "0": 0.9910421371459961,
            "1": 0.9646680355072021,
            "2": 0.7046051025390625
        },
        "2": {
            "0": 0.9764443635940552,
            "1": 0.9302172064781189,
            "2": 0.9663354158401489
        }
    }
}