{
    "confidence_score": 0.9723958969116211,
    "ptm": 0.9771835207939148,
    "iptm": 0.9837493896484375,
    "ligand_iptm": 0.9837493896484375,
    "protein_iptm": 0.0,
    "complex_plddt": 0.969557523727417,
    "complex_iplddt": 0.968352735042572,
    "complex_pde": 0.3333215117454529,
    "complex_ipde": 0.45266053080558777,
    "chains_ptm": {
        "0": 0.9765662550926208,
        "1": 0.9540157318115234,
        "2": 0.9663974046707153
    },
    "pair_chains_iptm": {
        "0": {
            "0": 0.9765662550926208,
            "1": 0.8077412247657776,
            "2": 0.4742787480354309
        },
        "1": {
            "0": 0.9893848896026611,
            "1": 0.9540157318115234,
            "2": 0.5730170607566833
        },
        "2": {
            "0": 0.9590505361557007,
            "1": 0.8809024095535278,
            "2": 0.9663974046707153
        }
    }
}