{
    "confidence_score": 0.9472549557685852,
    "ptm": 0.9598968625068665,
    "iptm": 0.9751023650169373,
    "ligand_iptm": 0.9751023650169373,
    "protein_iptm": 0.0,
    "complex_plddt": 0.9402931332588196,
    "complex_iplddt": 0.9231919646263123,
    "complex_pde": 0.39320528507232666,
    "complex_ipde": 0.5629661679267883,
    "chains_ptm": {
        "0": 0.9587711095809937,
        "1": 0.9130266904830933
    },
    "pair_chains_iptm": {
        "0": {
            "0": 0.9587711095809937,
            "1": 0.7598263621330261
        },
        "1": {
            "0": 0.9751023650169373,
            "1": 0.9130266904830933
        }
    }
}