{
    "confidence_score": 0.9410535097122192,
    "ptm": 0.9573718309402466,
    "iptm": 0.957616925239563,
    "ligand_iptm": 0.957616925239563,
    "protein_iptm": 0.0,
    "complex_plddt": 0.9369125962257385,
    "complex_iplddt": 0.9072791337966919,
    "complex_pde": 0.43318450450897217,
    "complex_ipde": 0.7155807018280029,
    "chains_ptm": {
        "0": 0.9585993885993958,
        "1": 0.8989512920379639
    },
    "pair_chains_iptm": {
        "0": {
            "0": 0.9585993885993958,
            "1": 0.7595812678337097
        },
        "1": {
            "0": 0.957616925239563,
            "1": 0.8989512920379639
        }
    }
}