{
    "confidence_score": 0.9755427241325378,
    "ptm": 0.9827918410301208,
    "iptm": 0.9872718453407288,
    "ligand_iptm": 0.9872718453407288,
    "protein_iptm": 0.0,
    "complex_plddt": 0.9726104736328125,
    "complex_iplddt": 0.972907304763794,
    "complex_pde": 0.3122783601284027,
    "complex_ipde": 0.39800211787223816,
    "chains_ptm": {
        "0": 0.9824470281600952,
        "1": 0.9599414467811584,
        "2": 0.9742567539215088
    },
    "pair_chains_iptm": {
        "0": {
            "0": 0.9824470281600952,
            "1": 0.8501255512237549,
            "2": 0.6131371259689331
        },
        "1": {
            "0": 0.9903458952903748,
            "1": 0.9599414467811584,
            "2": 0.7070439457893372
        },
        "2": {
            "0": 0.9750648140907288,
            "1": 0.9139668941497803,
            "2": 0.9742567539215088
        }
    }
}