{
    "confidence_score": 0.9050307273864746,
    "ptm": 0.924206018447876,
    "iptm": 0.9862258434295654,
    "ligand_iptm": 0.9862258434295654,
    "protein_iptm": 0.0,
    "complex_plddt": 0.8847319483757019,
    "complex_iplddt": 0.9435585141181946,
    "complex_pde": 0.6002423167228699,
    "complex_ipde": 0.4434886574745178,
    "chains_ptm": {
        "0": 0.9151726961135864,
        "1": 0.9481777548789978
    },
    "pair_chains_iptm": {
        "0": {
            "0": 0.9151726961135864,
            "1": 0.752423107624054
        },
        "1": {
            "0": 0.9862258434295654,
            "1": 0.9481777548789978
        }
    }
}