{
    "confidence_score": 0.9769026637077332,
    "ptm": 0.9794934391975403,
    "iptm": 0.987559974193573,
    "ligand_iptm": 0.987559974193573,
    "protein_iptm": 0.0,
    "complex_plddt": 0.9742383360862732,
    "complex_iplddt": 0.9779881834983826,
    "complex_pde": 0.3133879601955414,
    "complex_ipde": 0.3879680633544922,
    "chains_ptm": {
        "0": 0.9788270592689514,
        "1": 0.9480335116386414
    },
    "pair_chains_iptm": {
        "0": {
            "0": 0.9788270592689514,
            "1": 0.8230923414230347
        },
        "1": {
            "0": 0.987559974193573,
            "1": 0.9480335116386414
        }
    }
}