{
    "confidence_score": 0.9719005823135376,
    "ptm": 0.9754763841629028,
    "iptm": 0.9878530502319336,
    "ligand_iptm": 0.9878530502319336,
    "protein_iptm": 0.0,
    "complex_plddt": 0.967912495136261,
    "complex_iplddt": 0.976582944393158,
    "complex_pde": 0.33182403445243835,
    "complex_ipde": 0.39187461137771606,
    "chains_ptm": {
        "0": 0.9742444157600403,
        "1": 0.9505525827407837
    },
    "pair_chains_iptm": {
        "0": {
            "0": 0.9742444157600403,
            "1": 0.8155637383460999
        },
        "1": {
            "0": 0.9878530502319336,
            "1": 0.9505525827407837
        }
    }
}