{
    "confidence_score": 0.9720800518989563,
    "ptm": 0.9787659049034119,
    "iptm": 0.9867237210273743,
    "ligand_iptm": 0.9867237210273743,
    "protein_iptm": 0.0,
    "complex_plddt": 0.9684191346168518,
    "complex_iplddt": 0.9717662334442139,
    "complex_pde": 0.3309474289417267,
    "complex_ipde": 0.4221404492855072,
    "chains_ptm": {
        "0": 0.977881669998169,
        "1": 0.9598973393440247,
        "2": 0.9660125374794006
    },
    "pair_chains_iptm": {
        "0": {
            "0": 0.977881669998169,
            "1": 0.8323454856872559,
            "2": 0.5657059550285339
        },
        "1": {
            "0": 0.9897617697715759,
            "1": 0.9598973393440247,
            "2": 0.639109194278717
        },
        "2": {
            "0": 0.9765633940696716,
            "1": 0.8924985527992249,
            "2": 0.9660125374794006
        }
    }
}