{
    "confidence_score": 0.9586161971092224,
    "ptm": 0.9770827293395996,
    "iptm": 0.9856033325195312,
    "ligand_iptm": 0.9856033325195312,
    "protein_iptm": 0.0,
    "complex_plddt": 0.9518693685531616,
    "complex_iplddt": 0.9422091841697693,
    "complex_pde": 0.331221342086792,
    "complex_ipde": 0.43423813581466675,
    "chains_ptm": {
        "0": 0.9759321808815002,
        "1": 0.9223777055740356
    },
    "pair_chains_iptm": {
        "0": {
            "0": 0.9759321808815002,
            "1": 0.8186851143836975
        },
        "1": {
            "0": 0.9856033325195312,
            "1": 0.9223777055740356
        }
    }
}