{
    "confidence_score": 0.9582401514053345,
    "ptm": 0.9779527187347412,
    "iptm": 0.9855926036834717,
    "ligand_iptm": 0.9855926036834717,
    "protein_iptm": 0.0,
    "complex_plddt": 0.9514020681381226,
    "complex_iplddt": 0.9390547275543213,
    "complex_pde": 0.32843655347824097,
    "complex_ipde": 0.4335305094718933,
    "chains_ptm": {
        "0": 0.9769141674041748,
        "1": 0.9231581091880798
    },
    "pair_chains_iptm": {
        "0": {
            "0": 0.9769141674041748,
            "1": 0.8224936127662659
        },
        "1": {
            "0": 0.9855926036834717,
            "1": 0.9231581091880798
        }
    }
}