{
    "confidence_score": 0.9625048041343689,
    "ptm": 0.9672204852104187,
    "iptm": 0.9861525893211365,
    "ligand_iptm": 0.9861525893211365,
    "protein_iptm": 0.0,
    "complex_plddt": 0.956592857837677,
    "complex_iplddt": 0.9633995890617371,
    "complex_pde": 0.34166473150253296,
    "complex_ipde": 0.42097386717796326,
    "chains_ptm": {
        "0": 0.9653493762016296,
        "1": 0.923123300075531
    },
    "pair_chains_iptm": {
        "0": {
            "0": 0.9653493762016296,
            "1": 0.810794472694397
        },
        "1": {
            "0": 0.9861525893211365,
            "1": 0.923123300075531
        }
    }
}