{
    "confidence_score": 0.9616269469261169,
    "ptm": 0.9694337248802185,
    "iptm": 0.9872370362281799,
    "ligand_iptm": 0.9872370362281799,
    "protein_iptm": 0.0,
    "complex_plddt": 0.9552243947982788,
    "complex_iplddt": 0.9626577496528625,
    "complex_pde": 0.33115828037261963,
    "complex_ipde": 0.39895862340927124,
    "chains_ptm": {
        "0": 0.9676347374916077,
        "1": 0.9369131326675415
    },
    "pair_chains_iptm": {
        "0": {
            "0": 0.9676347374916077,
            "1": 0.82308429479599
        },
        "1": {
            "0": 0.9872370362281799,
            "1": 0.9369131326675415
        }
    }
}