{
    "confidence_score": 0.9675246477127075,
    "ptm": 0.9798555374145508,
    "iptm": 0.9867605566978455,
    "ligand_iptm": 0.9867605566978455,
    "protein_iptm": 0.0,
    "complex_plddt": 0.9627156257629395,
    "complex_iplddt": 0.9723203182220459,
    "complex_pde": 0.3313158452510834,
    "complex_ipde": 0.43784084916114807,
    "chains_ptm": {
        "0": 0.9791377186775208,
        "1": 0.9641147255897522,
        "2": 0.9752572774887085
    },
    "pair_chains_iptm": {
        "0": {
            "0": 0.9791377186775208,
            "1": 0.8672335147857666,
            "2": 0.5594437718391418
        },
        "1": {
            "0": 0.9906553626060486,
            "1": 0.9641147255897522,
            "2": 0.718525230884552
        },
        "2": {
            "0": 0.9710850715637207,
            "1": 0.9315859079360962,
            "2": 0.9752572774887085
        }
    }
}