{
    "confidence_score": 0.973366379737854,
    "ptm": 0.9802008271217346,
    "iptm": 0.9867019653320312,
    "ligand_iptm": 0.9867019653320312,
    "protein_iptm": 0.0,
    "complex_plddt": 0.9700325131416321,
    "complex_iplddt": 0.9703684449195862,
    "complex_pde": 0.3183184862136841,
    "complex_ipde": 0.40762466192245483,
    "chains_ptm": {
        "0": 0.9795584082603455,
        "1": 0.9607359766960144,
        "2": 0.9706361889839172
    },
    "pair_chains_iptm": {
        "0": {
            "0": 0.9795584082603455,
            "1": 0.8436257839202881,
            "2": 0.593640148639679
        },
        "1": {
            "0": 0.9898290038108826,
            "1": 0.9607359766960144,
            "2": 0.6780612468719482
        },
        "2": {
            "0": 0.9754641056060791,
            "1": 0.9077085852622986,
            "2": 0.9706361889839172
        }
    }
}