{
    "confidence_score": 0.9610511064529419,
    "ptm": 0.9741897583007812,
    "iptm": 0.9860827922821045,
    "ligand_iptm": 0.9860827922821045,
    "protein_iptm": 0.0,
    "complex_plddt": 0.9547931551933289,
    "complex_iplddt": 0.9623662233352661,
    "complex_pde": 0.3469640910625458,
    "complex_ipde": 0.45547106862068176,
    "chains_ptm": {
        "0": 0.972578763961792,
        "1": 0.9431335926055908
    },
    "pair_chains_iptm": {
        "0": {
            "0": 0.972578763961792,
            "1": 0.7942252159118652
        },
        "1": {
            "0": 0.9860827922821045,
            "1": 0.9431335926055908
        }
    }
}