{
    "confidence_score": 0.9635369181632996,
    "ptm": 0.9750778675079346,
    "iptm": 0.9858217835426331,
    "ligand_iptm": 0.9858217835426331,
    "protein_iptm": 0.0,
    "complex_plddt": 0.9579656720161438,
    "complex_iplddt": 0.9573100209236145,
    "complex_pde": 0.3419652581214905,
    "complex_ipde": 0.4570864140987396,
    "chains_ptm": {
        "0": 0.9739055633544922,
        "1": 0.9295350313186646
    },
    "pair_chains_iptm": {
        "0": {
            "0": 0.9739055633544922,
            "1": 0.831669270992279
        },
        "1": {
            "0": 0.9858217835426331,
            "1": 0.9295350313186646
        }
    }
}