{
    "confidence_score": 0.9753456115722656,
    "ptm": 0.9751460552215576,
    "iptm": 0.982151985168457,
    "ligand_iptm": 0.982151985168457,
    "protein_iptm": 0.0,
    "complex_plddt": 0.973643958568573,
    "complex_iplddt": 0.9754655957221985,
    "complex_pde": 0.35566893219947815,
    "complex_ipde": 0.46674031019210815,
    "chains_ptm": {
        "0": 0.9741004109382629,
        "1": 0.9573118686676025,
        "2": 0.966654360294342
    },
    "pair_chains_iptm": {
        "0": {
            "0": 0.9741004109382629,
            "1": 0.8448954820632935,
            "2": 0.4640427231788635
        },
        "1": {
            "0": 0.9888562560081482,
            "1": 0.9573118686676025,
            "2": 0.5695759057998657
        },
        "2": {
            "0": 0.9566667675971985,
            "1": 0.8930075168609619,
            "2": 0.966654360294342
        }
    }
}