{
    "confidence_score": 0.9501107335090637,
    "ptm": 0.9745295643806458,
    "iptm": 0.9828037023544312,
    "ligand_iptm": 0.9828037023544312,
    "protein_iptm": 0.0,
    "complex_plddt": 0.9419374465942383,
    "complex_iplddt": 0.9368177056312561,
    "complex_pde": 0.36521968245506287,
    "complex_ipde": 0.5327683687210083,
    "chains_ptm": {
        "0": 0.9736647605895996,
        "1": 0.9540688395500183,
        "2": 0.9735049605369568
    },
    "pair_chains_iptm": {
        "0": {
            "0": 0.9736647605895996,
            "1": 0.8556712865829468,
            "2": 0.504788339138031
        },
        "1": {
            "0": 0.989290714263916,
            "1": 0.9540688395500183,
            "2": 0.68791264295578
        },
        "2": {
            "0": 0.9539366364479065,
            "1": 0.9037424921989441,
            "2": 0.9735049605369568
        }
    }
}