{
    "confidence_score": 0.9660889506340027,
    "ptm": 0.9793583154678345,
    "iptm": 0.984442412853241,
    "ligand_iptm": 0.984442412853241,
    "protein_iptm": 0.0,
    "complex_plddt": 0.9615005850791931,
    "complex_iplddt": 0.9642996788024902,
    "complex_pde": 0.33963704109191895,
    "complex_ipde": 0.46453630924224854,
    "chains_ptm": {
        "0": 0.9785610437393188,
        "1": 0.9580203294754028,
        "2": 0.9669912457466125
    },
    "pair_chains_iptm": {
        "0": {
            "0": 0.9785610437393188,
            "1": 0.8156967759132385,
            "2": 0.4717409014701843
        },
        "1": {
            "0": 0.9896736741065979,
            "1": 0.9580203294754028,
            "2": 0.5610638856887817
        },
        "2": {
            "0": 0.964956521987915,
            "1": 0.8786649703979492,
            "2": 0.9669912457466125
        }
    }
}