{
    "confidence_score": 0.9509774446487427,
    "ptm": 0.9439987540245056,
    "iptm": 0.9875257015228271,
    "ligand_iptm": 0.9875257015228271,
    "protein_iptm": 0.0,
    "complex_plddt": 0.9418403506278992,
    "complex_iplddt": 0.9505636692047119,
    "complex_pde": 0.3826582729816437,
    "complex_ipde": 0.46982917189598083,
    "chains_ptm": {
        "0": 0.938137412071228,
        "1": 0.93792724609375
    },
    "pair_chains_iptm": {
        "0": {
            "0": 0.938137412071228,
            "1": 0.8009269833564758
        },
        "1": {
            "0": 0.9875257015228271,
            "1": 0.93792724609375
        }
    }
}