{
    "confidence_score": 0.9504618048667908,
    "ptm": 0.9459439516067505,
    "iptm": 0.987311840057373,
    "ligand_iptm": 0.987311840057373,
    "protein_iptm": 0.0,
    "complex_plddt": 0.9412493109703064,
    "complex_iplddt": 0.9480481147766113,
    "complex_pde": 0.37839025259017944,
    "complex_ipde": 0.46550601720809937,
    "chains_ptm": {
        "0": 0.940388023853302,
        "1": 0.9347071647644043
    },
    "pair_chains_iptm": {
        "0": {
            "0": 0.940388023853302,
            "1": 0.7788702249526978
        },
        "1": {
            "0": 0.987311840057373,
            "1": 0.9347071647644043
        }
    }
}