{
    "confidence_score": 0.9569236040115356,
    "ptm": 0.9695881605148315,
    "iptm": 0.9824135303497314,
    "ligand_iptm": 0.9824135303497314,
    "protein_iptm": 0.0,
    "complex_plddt": 0.9505510926246643,
    "complex_iplddt": 0.9523634314537048,
    "complex_pde": 0.38329121470451355,
    "complex_ipde": 0.548218846321106,
    "chains_ptm": {
        "0": 0.9678727388381958,
        "1": 0.9485718607902527,
        "2": 0.9706960320472717
    },
    "pair_chains_iptm": {
        "0": {
            "0": 0.9678727388381958,
            "1": 0.8023882508277893,
            "2": 0.5834386348724365
        },
        "1": {
            "0": 0.9877417087554932,
            "1": 0.9485718607902527,
            "2": 0.6870868802070618
        },
        "2": {
            "0": 0.9619818925857544,
            "1": 0.8813722729682922,
            "2": 0.9706960320472717
        }
    }
}