{
    "confidence_score": 0.9474360346794128,
    "ptm": 0.9571935534477234,
    "iptm": 0.9843789339065552,
    "ligand_iptm": 0.9843789339065552,
    "protein_iptm": 0.0,
    "complex_plddt": 0.9382003545761108,
    "complex_iplddt": 0.9529009461402893,
    "complex_pde": 0.3968864381313324,
    "complex_ipde": 0.5047516226768494,
    "chains_ptm": {
        "0": 0.9531488418579102,
        "1": 0.9546870589256287,
        "2": 0.9664248824119568
    },
    "pair_chains_iptm": {
        "0": {
            "0": 0.9531488418579102,
            "1": 0.7943748235702515,
            "2": 0.4999288022518158
        },
        "1": {
            "0": 0.9886599183082581,
            "1": 0.9546870589256287,
            "2": 0.668862521648407
        },
        "2": {
            "0": 0.968655526638031,
            "1": 0.9105812311172485,
            "2": 0.9664248824119568
        }
    }
}