{
    "confidence_score": 0.9672132730484009,
    "ptm": 0.9786094427108765,
    "iptm": 0.9857368469238281,
    "ligand_iptm": 0.9857368469238281,
    "protein_iptm": 0.0,
    "complex_plddt": 0.9625822901725769,
    "complex_iplddt": 0.9642180800437927,
    "complex_pde": 0.3393673300743103,
    "complex_ipde": 0.4550073742866516,
    "chains_ptm": {
        "0": 0.97760009765625,
        "1": 0.9641370177268982,
        "2": 0.9660994410514832
    },
    "pair_chains_iptm": {
        "0": {
            "0": 0.97760009765625,
            "1": 0.8418511152267456,
            "2": 0.5038599967956543
        },
        "1": {
            "0": 0.9909935593605042,
            "1": 0.9641370177268982,
            "2": 0.6266483664512634
        },
        "2": {
            "0": 0.9631261229515076,
            "1": 0.9103607535362244,
            "2": 0.9660994410514832
        }
    }
}