{
    "confidence_score": 0.9625426530838013,
    "ptm": 0.9699327349662781,
    "iptm": 0.9861438870429993,
    "ligand_iptm": 0.9861438870429993,
    "protein_iptm": 0.0,
    "complex_plddt": 0.9566422700881958,
    "complex_iplddt": 0.9655195474624634,
    "complex_pde": 0.3490847647190094,
    "complex_ipde": 0.42317086458206177,
    "chains_ptm": {
        "0": 0.9683068990707397,
        "1": 0.9412543177604675
    },
    "pair_chains_iptm": {
        "0": {
            "0": 0.9683068990707397,
            "1": 0.8379694819450378
        },
        "1": {
            "0": 0.9861438870429993,
            "1": 0.9412543177604675
        }
    }
}