{
    "confidence_score": 0.9580278396606445,
    "ptm": 0.9638389348983765,
    "iptm": 0.9856980443000793,
    "ligand_iptm": 0.9856980443000793,
    "protein_iptm": 0.0,
    "complex_plddt": 0.9511102437973022,
    "complex_iplddt": 0.9699493646621704,
    "complex_pde": 0.34829840064048767,
    "complex_ipde": 0.41208288073539734,
    "chains_ptm": {
        "0": 0.9595863819122314,
        "1": 0.9586746692657471,
        "2": 0.9641290903091431
    },
    "pair_chains_iptm": {
        "0": {
            "0": 0.9595863819122314,
            "1": 0.8398995995521545,
            "2": 0.5348573327064514
        },
        "1": {
            "0": 0.9893195033073425,
            "1": 0.9586746692657471,
            "2": 0.6313081383705139
        },
        "2": {
            "0": 0.9734126329421997,
            "1": 0.9168134331703186,
            "2": 0.9641290903091431
        }
    }
}