{
    "confidence_score": 0.959459125995636,
    "ptm": 0.9735711216926575,
    "iptm": 0.9855000972747803,
    "ligand_iptm": 0.9855000972747803,
    "protein_iptm": 0.0,
    "complex_plddt": 0.9529488682746887,
    "complex_iplddt": 0.950703501701355,
    "complex_pde": 0.3557170033454895,
    "complex_ipde": 0.5129590630531311,
    "chains_ptm": {
        "0": 0.9726874828338623,
        "1": 0.9437400102615356
    },
    "pair_chains_iptm": {
        "0": {
            "0": 0.9726874828338623,
            "1": 0.7685786485671997
        },
        "1": {
            "0": 0.9855000972747803,
            "1": 0.9437400102615356
        }
    }
}