{
    "confidence_score": 0.9770830273628235,
    "ptm": 0.9851987957954407,
    "iptm": 0.9884557127952576,
    "ligand_iptm": 0.9884557127952576,
    "protein_iptm": 0.0,
    "complex_plddt": 0.9742398858070374,
    "complex_iplddt": 0.9776031374931335,
    "complex_pde": 0.30590009689331055,
    "complex_ipde": 0.3904542922973633,
    "chains_ptm": {
        "0": 0.9847537279129028,
        "1": 0.9649925827980042,
        "2": 0.9744091033935547
    },
    "pair_chains_iptm": {
        "0": {
            "0": 0.9847537279129028,
            "1": 0.8863754272460938,
            "2": 0.6405307054519653
        },
        "1": {
            "0": 0.9918816089630127,
            "1": 0.9649925827980042,
            "2": 0.7681851983070374
        },
        "2": {
            "0": 0.9749231338500977,
            "1": 0.9294074177742004,
            "2": 0.9744091033935547
        }
    }
}