{
    "confidence_score": 0.9698406457901001,
    "ptm": 0.9741493463516235,
    "iptm": 0.9866414070129395,
    "ligand_iptm": 0.9866414070129395,
    "protein_iptm": 0.0,
    "complex_plddt": 0.9656404852867126,
    "complex_iplddt": 0.9765601754188538,
    "complex_pde": 0.34321585297584534,
    "complex_ipde": 0.46016252040863037,
    "chains_ptm": {
        "0": 0.9728880524635315,
        "1": 0.9467675685882568
    },
    "pair_chains_iptm": {
        "0": {
            "0": 0.9728880524635315,
            "1": 0.8110755681991577
        },
        "1": {
            "0": 0.9866414070129395,
            "1": 0.9467675685882568
        }
    }
}