{
    "confidence_score": 0.9654996991157532,
    "ptm": 0.9723303914070129,
    "iptm": 0.9861699938774109,
    "ligand_iptm": 0.9861699938774109,
    "protein_iptm": 0.0,
    "complex_plddt": 0.9603321552276611,
    "complex_iplddt": 0.9578415751457214,
    "complex_pde": 0.35512661933898926,
    "complex_ipde": 0.4992372393608093,
    "chains_ptm": {
        "0": 0.9704457521438599,
        "1": 0.9439699649810791
    },
    "pair_chains_iptm": {
        "0": {
            "0": 0.9704457521438599,
            "1": 0.7782173156738281
        },
        "1": {
            "0": 0.9861699938774109,
            "1": 0.9439699649810791
        }
    }
}