{
    "confidence_score": 0.9783893823623657,
    "ptm": 0.9838641285896301,
    "iptm": 0.9866589307785034,
    "ligand_iptm": 0.9866589307785034,
    "protein_iptm": 0.0,
    "complex_plddt": 0.9763219356536865,
    "complex_iplddt": 0.9770740270614624,
    "complex_pde": 0.30785971879959106,
    "complex_ipde": 0.4046083092689514,
    "chains_ptm": {
        "0": 0.9837672114372253,
        "1": 0.9661000370979309,
        "2": 0.9720779061317444
    },
    "pair_chains_iptm": {
        "0": {
            "0": 0.9837672114372253,
            "1": 0.8635182976722717,
            "2": 0.5716499090194702
        },
        "1": {
            "0": 0.9909047484397888,
            "1": 0.9661000370979309,
            "2": 0.6584923267364502
        },
        "2": {
            "0": 0.9694006443023682,
            "1": 0.9122169017791748,
            "2": 0.9720779061317444
        }
    }
}