{
    "confidence_score": 0.952859103679657,
    "ptm": 0.9693560004234314,
    "iptm": 0.9873068332672119,
    "ligand_iptm": 0.9873068332672119,
    "protein_iptm": 0.0,
    "complex_plddt": 0.9442472457885742,
    "complex_iplddt": 0.9610945582389832,
    "complex_pde": 0.3539060354232788,
    "complex_ipde": 0.421737939119339,
    "chains_ptm": {
        "0": 0.9669413566589355,
        "1": 0.9479772448539734
    },
    "pair_chains_iptm": {
        "0": {
            "0": 0.9669413566589355,
            "1": 0.8280022740364075
        },
        "1": {
            "0": 0.9873068332672119,
            "1": 0.9479772448539734
        }
    }
}