{
    "confidence_score": 0.9590202569961548,
    "ptm": 0.9716182351112366,
    "iptm": 0.987449586391449,
    "ligand_iptm": 0.987449586391449,
    "protein_iptm": 0.0,
    "complex_plddt": 0.9519129395484924,
    "complex_iplddt": 0.9619705080986023,
    "complex_pde": 0.3465856909751892,
    "complex_ipde": 0.42464447021484375,
    "chains_ptm": {
        "0": 0.9694836735725403,
        "1": 0.9488462209701538
    },
    "pair_chains_iptm": {
        "0": {
            "0": 0.9694836735725403,
            "1": 0.8308065533638
        },
        "1": {
            "0": 0.987449586391449,
            "1": 0.9488462209701538
        }
    }
}