{
    "confidence_score": 0.9616336226463318,
    "ptm": 0.9783363342285156,
    "iptm": 0.9858909249305725,
    "ligand_iptm": 0.9858909249305725,
    "protein_iptm": 0.0,
    "complex_plddt": 0.9555692672729492,
    "complex_iplddt": 0.9620556235313416,
    "complex_pde": 0.32757148146629333,
    "complex_ipde": 0.424324095249176,
    "chains_ptm": {
        "0": 0.9774502515792847,
        "1": 0.9305568933486938
    },
    "pair_chains_iptm": {
        "0": {
            "0": 0.9774502515792847,
            "1": 0.8458956480026245
        },
        "1": {
            "0": 0.9858909249305725,
            "1": 0.9305568933486938
        }
    }
}