{
    "confidence_score": 0.908648669719696,
    "ptm": 0.9247432351112366,
    "iptm": 0.985888659954071,
    "ligand_iptm": 0.985888659954071,
    "protein_iptm": 0.0,
    "complex_plddt": 0.8893386721611023,
    "complex_iplddt": 0.9048405289649963,
    "complex_pde": 0.620466947555542,
    "complex_ipde": 0.6714305877685547,
    "chains_ptm": {
        "0": 0.9173234701156616,
        "1": 0.9259480237960815
    },
    "pair_chains_iptm": {
        "0": {
            "0": 0.9173234701156616,
            "1": 0.773347795009613
        },
        "1": {
            "0": 0.985888659954071,
            "1": 0.9259480237960815
        }
    }
}