{
    "confidence_score": 0.9100538492202759,
    "ptm": 0.9312388896942139,
    "iptm": 0.9878038763999939,
    "ligand_iptm": 0.9878038763999939,
    "protein_iptm": 0.0,
    "complex_plddt": 0.8906163573265076,
    "complex_iplddt": 0.9057413935661316,
    "complex_pde": 0.5800997018814087,
    "complex_ipde": 0.6084349751472473,
    "chains_ptm": {
        "0": 0.9243336915969849,
        "1": 0.9364194273948669
    },
    "pair_chains_iptm": {
        "0": {
            "0": 0.9243336915969849,
            "1": 0.7905110716819763
        },
        "1": {
            "0": 0.9878038763999939,
            "1": 0.9364194273948669
        }
    }
}