{
    "confidence_score": 0.9658586382865906,
    "ptm": 0.9745656251907349,
    "iptm": 0.9870240688323975,
    "ligand_iptm": 0.9870240688323975,
    "protein_iptm": 0.0,
    "complex_plddt": 0.9605672359466553,
    "complex_iplddt": 0.9634815454483032,
    "complex_pde": 0.3417278528213501,
    "complex_ipde": 0.44166743755340576,
    "chains_ptm": {
        "0": 0.9735819697380066,
        "1": 0.9431611895561218
    },
    "pair_chains_iptm": {
        "0": {
            "0": 0.9735819697380066,
            "1": 0.8385944962501526
        },
        "1": {
            "0": 0.9870240688323975,
            "1": 0.9431611895561218
        }
    }
}