{
    "confidence_score": 0.9670625925064087,
    "ptm": 0.9749999046325684,
    "iptm": 0.9849391579627991,
    "ligand_iptm": 0.9849391579627991,
    "protein_iptm": 0.0,
    "complex_plddt": 0.9625933766365051,
    "complex_iplddt": 0.9633140563964844,
    "complex_pde": 0.3525369167327881,
    "complex_ipde": 0.4795427918434143,
    "chains_ptm": {
        "0": 0.9733672142028809,
        "1": 0.9564647078514099,
        "2": 0.9732950329780579
    },
    "pair_chains_iptm": {
        "0": {
            "0": 0.9733672142028809,
            "1": 0.8593282103538513,
            "2": 0.5114509463310242
        },
        "1": {
            "0": 0.9896389842033386,
            "1": 0.9564647078514099,
            "2": 0.6668243408203125
        },
        "2": {
            "0": 0.9641579985618591,
            "1": 0.9214162826538086,
            "2": 0.9732950329780579
        }
    }
}