{
    "confidence_score": 0.9535188674926758,
    "ptm": 0.9638772010803223,
    "iptm": 0.987109899520874,
    "ligand_iptm": 0.987109899520874,
    "protein_iptm": 0.0,
    "complex_plddt": 0.945121169090271,
    "complex_iplddt": 0.964076042175293,
    "complex_pde": 0.3692099452018738,
    "complex_ipde": 0.42431938648223877,
    "chains_ptm": {
        "0": 0.9612568616867065,
        "1": 0.9413094520568848
    },
    "pair_chains_iptm": {
        "0": {
            "0": 0.9612568616867065,
            "1": 0.828339695930481
        },
        "1": {
            "0": 0.987109899520874,
            "1": 0.9413094520568848
        }
    }
}