{
    "confidence_score": 0.9490089416503906,
    "ptm": 0.9499619603157043,
    "iptm": 0.9689257740974426,
    "ligand_iptm": 0.9689257740974426,
    "protein_iptm": 0.0,
    "complex_plddt": 0.9440297484397888,
    "complex_iplddt": 0.9182504415512085,
    "complex_pde": 0.40065211057662964,
    "complex_ipde": 0.6658343076705933,
    "chains_ptm": {
        "0": 0.9461773037910461,
        "1": 0.8658081293106079
    },
    "pair_chains_iptm": {
        "0": {
            "0": 0.9461773037910461,
            "1": 0.7330148816108704
        },
        "1": {
            "0": 0.9689257740974426,
            "1": 0.8658081293106079
        }
    }
}