{
    "confidence_score": 0.9452172517776489,
    "ptm": 0.9522739052772522,
    "iptm": 0.9722309708595276,
    "ligand_iptm": 0.9722309708595276,
    "protein_iptm": 0.0,
    "complex_plddt": 0.9384638071060181,
    "complex_iplddt": 0.9120907783508301,
    "complex_pde": 0.387236088514328,
    "complex_ipde": 0.6282215714454651,
    "chains_ptm": {
        "0": 0.9483030438423157,
        "1": 0.8912462592124939
    },
    "pair_chains_iptm": {
        "0": {
            "0": 0.9483030438423157,
            "1": 0.7481118440628052
        },
        "1": {
            "0": 0.9722309708595276,
            "1": 0.8912462592124939
        }
    }
}