{
    "confidence_score": 0.9580575823783875,
    "ptm": 0.9771336913108826,
    "iptm": 0.9862773418426514,
    "ligand_iptm": 0.9862773418426514,
    "protein_iptm": 0.0,
    "complex_plddt": 0.9510027170181274,
    "complex_iplddt": 0.9522383809089661,
    "complex_pde": 0.32832303643226624,
    "complex_ipde": 0.415547639131546,
    "chains_ptm": {
        "0": 0.976220428943634,
        "1": 0.9445621371269226
    },
    "pair_chains_iptm": {
        "0": {
            "0": 0.976220428943634,
            "1": 0.8304086327552795
        },
        "1": {
            "0": 0.9862773418426514,
            "1": 0.9445621371269226
        }
    }
}