{
    "confidence_score": 0.9423030018806458,
    "ptm": 0.9431930184364319,
    "iptm": 0.9844264984130859,
    "ligand_iptm": 0.9844264984130859,
    "protein_iptm": 0.0,
    "complex_plddt": 0.9317721128463745,
    "complex_iplddt": 0.9520195126533508,
    "complex_pde": 0.4148757755756378,
    "complex_ipde": 0.5134073495864868,
    "chains_ptm": {
        "0": 0.9379911422729492,
        "1": 0.9293608665466309
    },
    "pair_chains_iptm": {
        "0": {
            "0": 0.9379911422729492,
            "1": 0.8113958239555359
        },
        "1": {
            "0": 0.9844264984130859,
            "1": 0.9293608665466309
        }
    }
}