{
    "confidence_score": 0.9437082409858704,
    "ptm": 0.9377261996269226,
    "iptm": 0.9840222001075745,
    "ligand_iptm": 0.9840222001075745,
    "protein_iptm": 0.0,
    "complex_plddt": 0.9336297512054443,
    "complex_iplddt": 0.9528475403785706,
    "complex_pde": 0.4193374514579773,
    "complex_ipde": 0.5238738656044006,
    "chains_ptm": {
        "0": 0.9318294525146484,
        "1": 0.9286490678787231
    },
    "pair_chains_iptm": {
        "0": {
            "0": 0.9318294525146484,
            "1": 0.8053064346313477
        },
        "1": {
            "0": 0.9840222001075745,
            "1": 0.9286490678787231
        }
    }
}