{
    "confidence_score": 0.9625642895698547,
    "ptm": 0.9637009501457214,
    "iptm": 0.9817931056022644,
    "ligand_iptm": 0.9817931056022644,
    "protein_iptm": 0.0,
    "complex_plddt": 0.9577570557594299,
    "complex_iplddt": 0.9623410105705261,
    "complex_pde": 0.36903685331344604,
    "complex_ipde": 0.5617808103561401,
    "chains_ptm": {
        "0": 0.9611982703208923,
        "1": 0.9239699244499207
    },
    "pair_chains_iptm": {
        "0": {
            "0": 0.9611982703208923,
            "1": 0.8103964924812317
        },
        "1": {
            "0": 0.9817931056022644,
            "1": 0.9239699244499207
        }
    }
}