{
    "confidence_score": 0.975439190864563,
    "ptm": 0.9807270765304565,
    "iptm": 0.9857776165008545,
    "ligand_iptm": 0.9857776165008545,
    "protein_iptm": 0.0,
    "complex_plddt": 0.9728545546531677,
    "complex_iplddt": 0.9738377928733826,
    "complex_pde": 0.31968557834625244,
    "complex_ipde": 0.4235078692436218,
    "chains_ptm": {
        "0": 0.9802325963973999,
        "1": 0.9615302681922913,
        "2": 0.9665197134017944
    },
    "pair_chains_iptm": {
        "0": {
            "0": 0.9802325963973999,
            "1": 0.8341942429542542,
            "2": 0.49911823868751526
        },
        "1": {
            "0": 0.9901740550994873,
            "1": 0.9615302681922913,
            "2": 0.5931911468505859
        },
        "2": {
            "0": 0.9678006172180176,
            "1": 0.8850515484809875,
            "2": 0.9665197134017944
        }
    }
}