{
    "confidence_score": 0.967045783996582,
    "ptm": 0.9822668433189392,
    "iptm": 0.9867740273475647,
    "ligand_iptm": 0.9867740273475647,
    "protein_iptm": 0.0,
    "complex_plddt": 0.9621136784553528,
    "complex_iplddt": 0.9660227298736572,
    "complex_pde": 0.31292369961738586,
    "complex_ipde": 0.41011959314346313,
    "chains_ptm": {
        "0": 0.9819717407226562,
        "1": 0.9629655480384827,
        "2": 0.9740123152732849
    },
    "pair_chains_iptm": {
        "0": {
            "0": 0.9819717407226562,
            "1": 0.8951195478439331,
            "2": 0.5646140575408936
        },
        "1": {
            "0": 0.9916847348213196,
            "1": 0.9629655480384827,
            "2": 0.6440620422363281
        },
        "2": {
            "0": 0.965541660785675,
            "1": 0.9208048582077026,
            "2": 0.9740123152732849
        }
    }
}