{
    "confidence_score": 0.8401105999946594,
    "ptm": 0.7977990508079529,
    "iptm": 0.9869937896728516,
    "ligand_iptm": 0.9869937896728516,
    "protein_iptm": 0.0,
    "complex_plddt": 0.8033897280693054,
    "complex_iplddt": 0.8863897919654846,
    "complex_pde": 1.188072681427002,
    "complex_ipde": 0.9907533526420593,
    "chains_ptm": {
        "0": 0.7779203057289124,
        "1": 0.9282154440879822
    },
    "pair_chains_iptm": {
        "0": {
            "0": 0.7779203057289124,
            "1": 0.666795551776886
        },
        "1": {
            "0": 0.9869937896728516,
            "1": 0.9282154440879822
        }
    }
}