{
    "confidence_score": 0.837787926197052,
    "ptm": 0.8094716668128967,
    "iptm": 0.9874516129493713,
    "ligand_iptm": 0.9874516129493713,
    "protein_iptm": 0.0,
    "complex_plddt": 0.8003719449043274,
    "complex_iplddt": 0.8705428242683411,
    "complex_pde": 1.131532907485962,
    "complex_ipde": 0.9419893622398376,
    "chains_ptm": {
        "0": 0.7907726764678955,
        "1": 0.9337355494499207
    },
    "pair_chains_iptm": {
        "0": {
            "0": 0.7907726764678955,
            "1": 0.67584627866745
        },
        "1": {
            "0": 0.9874516129493713,
            "1": 0.9337355494499207
        }
    }
}