{
    "confidence_score": 0.9613111615180969,
    "ptm": 0.9734298586845398,
    "iptm": 0.9847763180732727,
    "ligand_iptm": 0.9847763180732727,
    "protein_iptm": 0.0,
    "complex_plddt": 0.955444872379303,
    "complex_iplddt": 0.9487770795822144,
    "complex_pde": 0.34516581892967224,
    "complex_ipde": 0.4659927189350128,
    "chains_ptm": {
        "0": 0.9724583625793457,
        "1": 0.9285135269165039
    },
    "pair_chains_iptm": {
        "0": {
            "0": 0.9724583625793457,
            "1": 0.7688959240913391
        },
        "1": {
            "0": 0.9847763180732727,
            "1": 0.9285135269165039
        }
    }
}