{
    "confidence_score": 0.9624519348144531,
    "ptm": 0.9760892987251282,
    "iptm": 0.986586332321167,
    "ligand_iptm": 0.986586332321167,
    "protein_iptm": 0.0,
    "complex_plddt": 0.9564183354377747,
    "complex_iplddt": 0.9514328241348267,
    "complex_pde": 0.3297157287597656,
    "complex_ipde": 0.4200093150138855,
    "chains_ptm": {
        "0": 0.975153923034668,
        "1": 0.9369595050811768
    },
    "pair_chains_iptm": {
        "0": {
            "0": 0.975153923034668,
            "1": 0.8032059669494629
        },
        "1": {
            "0": 0.986586332321167,
            "1": 0.9369595050811768
        }
    }
}