{
    "confidence_score": 0.9686879515647888,
    "ptm": 0.9827531576156616,
    "iptm": 0.9879242777824402,
    "ligand_iptm": 0.9879242777824402,
    "protein_iptm": 0.0,
    "complex_plddt": 0.9638788104057312,
    "complex_iplddt": 0.9653912782669067,
    "complex_pde": 0.3092195987701416,
    "complex_ipde": 0.38969194889068604,
    "chains_ptm": {
        "0": 0.982237696647644,
        "1": 0.9653478264808655,
        "2": 0.9671429991722107
    },
    "pair_chains_iptm": {
        "0": {
            "0": 0.982237696647644,
            "1": 0.8583604097366333,
            "2": 0.5661787390708923
        },
        "1": {
            "0": 0.9912418723106384,
            "1": 0.9653478264808655,
            "2": 0.6492496728897095
        },
        "2": {
            "0": 0.9767848253250122,
            "1": 0.9167652726173401,
            "2": 0.9671429991722107
        }
    }
}