{
    "confidence_score": 0.9591113924980164,
    "ptm": 0.974597156047821,
    "iptm": 0.9831504821777344,
    "ligand_iptm": 0.9831504821777344,
    "protein_iptm": 0.0,
    "complex_plddt": 0.9531016945838928,
    "complex_iplddt": 0.9589992165565491,
    "complex_pde": 0.3698597252368927,
    "complex_ipde": 0.5190515518188477,
    "chains_ptm": {
        "0": 0.9735737442970276,
        "1": 0.9565929770469666,
        "2": 0.9652419090270996
    },
    "pair_chains_iptm": {
        "0": {
            "0": 0.9735737442970276,
            "1": 0.8210973739624023,
            "2": 0.47591978311538696
        },
        "1": {
            "0": 0.9892749786376953,
            "1": 0.9565929770469666,
            "2": 0.6141458749771118
        },
        "2": {
            "0": 0.9564023017883301,
            "1": 0.8816515803337097,
            "2": 0.9652419090270996
        }
    }
}