{
    "confidence_score": 0.9558905959129333,
    "ptm": 0.9780705571174622,
    "iptm": 0.983437716960907,
    "ligand_iptm": 0.983437716960907,
    "protein_iptm": 0.0,
    "complex_plddt": 0.9490037560462952,
    "complex_iplddt": 0.9337918758392334,
    "complex_pde": 0.3568341135978699,
    "complex_ipde": 0.533507764339447,
    "chains_ptm": {
        "0": 0.9772676229476929,
        "1": 0.9532178640365601,
        "2": 0.9684298038482666
    },
    "pair_chains_iptm": {
        "0": {
            "0": 0.9772676229476929,
            "1": 0.8478221297264099,
            "2": 0.46831461787223816
        },
        "1": {
            "0": 0.9890937209129333,
            "1": 0.9532178640365601,
            "2": 0.6074144244194031
        },
        "2": {
            "0": 0.9578816294670105,
            "1": 0.9050166606903076,
            "2": 0.9684298038482666
        }
    }
}