{
    "confidence_score": 0.970563530921936,
    "ptm": 0.9750450253486633,
    "iptm": 0.9878600239753723,
    "ligand_iptm": 0.9878600239753723,
    "protein_iptm": 0.0,
    "complex_plddt": 0.9662393927574158,
    "complex_iplddt": 0.9746710658073425,
    "complex_pde": 0.33144351840019226,
    "complex_ipde": 0.40199247002601624,
    "chains_ptm": {
        "0": 0.9734699726104736,
        "1": 0.951555609703064
    },
    "pair_chains_iptm": {
        "0": {
            "0": 0.9734699726104736,
            "1": 0.8158912658691406
        },
        "1": {
            "0": 0.9878600239753723,
            "1": 0.951555609703064
        }
    }
}