{
    "confidence_score": 0.9735658764839172,
    "ptm": 0.9848335981369019,
    "iptm": 0.9905121326446533,
    "ligand_iptm": 0.9905121326446533,
    "protein_iptm": 0.0,
    "complex_plddt": 0.9693292379379272,
    "complex_iplddt": 0.9748386144638062,
    "complex_pde": 0.29519349336624146,
    "complex_ipde": 0.34698840975761414,
    "chains_ptm": {
        "0": 0.9841555953025818,
        "1": 0.9540767669677734
    },
    "pair_chains_iptm": {
        "0": {
            "0": 0.9841555953025818,
            "1": 0.8644344210624695
        },
        "1": {
            "0": 0.9905121326446533,
            "1": 0.9540767669677734
        }
    }
}