{
    "confidence_score": 0.9738954901695251,
    "ptm": 0.9876985549926758,
    "iptm": 0.9915934205055237,
    "ligand_iptm": 0.9915934205055237,
    "protein_iptm": 0.0,
    "complex_plddt": 0.9694709777832031,
    "complex_iplddt": 0.9749835133552551,
    "complex_pde": 0.28548184037208557,
    "complex_ipde": 0.3320239782333374,
    "chains_ptm": {
        "0": 0.9872427582740784,
        "1": 0.961771547794342
    },
    "pair_chains_iptm": {
        "0": {
            "0": 0.9872427582740784,
            "1": 0.8788499236106873
        },
        "1": {
            "0": 0.9915934205055237,
            "1": 0.961771547794342
        }
    }
}