{
    "confidence_score": 0.948255717754364,
    "ptm": 0.9709727168083191,
    "iptm": 0.9880053400993347,
    "ligand_iptm": 0.9880053400993347,
    "protein_iptm": 0.0,
    "complex_plddt": 0.9383183717727661,
    "complex_iplddt": 0.9593049883842468,
    "complex_pde": 0.3561035096645355,
    "complex_ipde": 0.4281150996685028,
    "chains_ptm": {
        "0": 0.9687421917915344,
        "1": 0.9521874785423279
    },
    "pair_chains_iptm": {
        "0": {
            "0": 0.9687421917915344,
            "1": 0.7970757484436035
        },
        "1": {
            "0": 0.9880053400993347,
            "1": 0.9521874785423279
        }
    }
}