{
    "confidence_score": 0.9708558917045593,
    "ptm": 0.977401077747345,
    "iptm": 0.9865140318870544,
    "ligand_iptm": 0.9865140318870544,
    "protein_iptm": 0.0,
    "complex_plddt": 0.9669413566589355,
    "complex_iplddt": 0.9698914289474487,
    "complex_pde": 0.33079707622528076,
    "complex_ipde": 0.42985013127326965,
    "chains_ptm": {
        "0": 0.97622150182724,
        "1": 0.9345905184745789
    },
    "pair_chains_iptm": {
        "0": {
            "0": 0.97622150182724,
            "1": 0.8348654508590698
        },
        "1": {
            "0": 0.9865140318870544,
            "1": 0.9345905184745789
        }
    }
}