{
    "confidence_score": 0.9217391014099121,
    "ptm": 0.959602415561676,
    "iptm": 0.9850100874900818,
    "ligand_iptm": 0.9850100874900818,
    "protein_iptm": 0.0,
    "complex_plddt": 0.9059213995933533,
    "complex_iplddt": 0.8740984201431274,
    "complex_pde": 0.3998759984970093,
    "complex_ipde": 0.4542679190635681,
    "chains_ptm": {
        "0": 0.9556408524513245,
        "1": 0.9379180669784546
    },
    "pair_chains_iptm": {
        "0": {
            "0": 0.9556408524513245,
            "1": 0.7886201739311218
        },
        "1": {
            "0": 0.9850100874900818,
            "1": 0.9379180669784546
        }
    }
}