{
    "confidence_score": 0.9229540824890137,
    "ptm": 0.9610327482223511,
    "iptm": 0.9848966598510742,
    "ligand_iptm": 0.9848966598510742,
    "protein_iptm": 0.0,
    "complex_plddt": 0.9074684381484985,
    "complex_iplddt": 0.8772409558296204,
    "complex_pde": 0.38497403264045715,
    "complex_ipde": 0.45937982201576233,
    "chains_ptm": {
        "0": 0.9572154879570007,
        "1": 0.9397689700126648
    },
    "pair_chains_iptm": {
        "0": {
            "0": 0.9572154879570007,
            "1": 0.7768459916114807
        },
        "1": {
            "0": 0.9848966598510742,
            "1": 0.9397689700126648
        }
    }
}