{
    "confidence_score": 0.9686082005500793,
    "ptm": 0.9816340208053589,
    "iptm": 0.9879050254821777,
    "ligand_iptm": 0.9879050254821777,
    "protein_iptm": 0.0,
    "complex_plddt": 0.9637839794158936,
    "complex_iplddt": 0.9743311405181885,
    "complex_pde": 0.3178305923938751,
    "complex_ipde": 0.3917037546634674,
    "chains_ptm": {
        "0": 0.9808991551399231,
        "1": 0.9662917256355286,
        "2": 0.9719008803367615
    },
    "pair_chains_iptm": {
        "0": {
            "0": 0.9808991551399231,
            "1": 0.8810223340988159,
            "2": 0.5808842182159424
        },
        "1": {
            "0": 0.9913095831871033,
            "1": 0.9662917256355286,
            "2": 0.6711182594299316
        },
        "2": {
            "0": 0.9774123430252075,
            "1": 0.931739866733551,
            "2": 0.9719008803367615
        }
    }
}