{
    "confidence_score": 0.9693061113357544,
    "ptm": 0.9806389808654785,
    "iptm": 0.9849186539649963,
    "ligand_iptm": 0.9849186539649963,
    "protein_iptm": 0.0,
    "complex_plddt": 0.9654029011726379,
    "complex_iplddt": 0.9625433683395386,
    "complex_pde": 0.32422056794166565,
    "complex_ipde": 0.4272015392780304,
    "chains_ptm": {
        "0": 0.9804737567901611,
        "1": 0.9575087428092957,
        "2": 0.9726712107658386
    },
    "pair_chains_iptm": {
        "0": {
            "0": 0.9804737567901611,
            "1": 0.8826217651367188,
            "2": 0.49393224716186523
        },
        "1": {
            "0": 0.9902830719947815,
            "1": 0.9575087428092957,
            "2": 0.583647608757019
        },
        "2": {
            "0": 0.963681161403656,
            "1": 0.9196593761444092,
            "2": 0.9726712107658386
        }
    }
}