{
    "confidence_score": 0.9748231768608093,
    "ptm": 0.980218768119812,
    "iptm": 0.9850566387176514,
    "ligand_iptm": 0.9850566387176514,
    "protein_iptm": 0.0,
    "complex_plddt": 0.9722648859024048,
    "complex_iplddt": 0.9755258560180664,
    "complex_pde": 0.3274860978126526,
    "complex_ipde": 0.42612940073013306,
    "chains_ptm": {
        "0": 0.9797627925872803,
        "1": 0.9603138566017151,
        "2": 0.9657993912696838
    },
    "pair_chains_iptm": {
        "0": {
            "0": 0.9797627925872803,
            "1": 0.8705732226371765,
            "2": 0.48799675703048706
        },
        "1": {
            "0": 0.9898531436920166,
            "1": 0.9603138566017151,
            "2": 0.5629651546478271
        },
        "2": {
            "0": 0.9674400091171265,
            "1": 0.9137696027755737,
            "2": 0.9657993912696838
        }
    }
}