{
    "confidence_score": 0.9672793745994568,
    "ptm": 0.9802548885345459,
    "iptm": 0.9859591722488403,
    "ligand_iptm": 0.9859591722488403,
    "protein_iptm": 0.0,
    "complex_plddt": 0.9626094102859497,
    "complex_iplddt": 0.9522261023521423,
    "complex_pde": 0.32944679260253906,
    "complex_ipde": 0.4595866799354553,
    "chains_ptm": {
        "0": 0.9797730445861816,
        "1": 0.9643261432647705,
        "2": 0.9696655869483948
    },
    "pair_chains_iptm": {
        "0": {
            "0": 0.9797730445861816,
            "1": 0.8531392216682434,
            "2": 0.5523409247398376
        },
        "1": {
            "0": 0.9908239841461182,
            "1": 0.9643261432647705,
            "2": 0.6838133335113525
        },
        "2": {
            "0": 0.9656480550765991,
            "1": 0.902759313583374,
            "2": 0.9696655869483948
        }
    }
}