{
    "confidence_score": 0.9703999757766724,
    "ptm": 0.9798478484153748,
    "iptm": 0.9872370362281799,
    "ligand_iptm": 0.9872370362281799,
    "protein_iptm": 0.0,
    "complex_plddt": 0.9661906957626343,
    "complex_iplddt": 0.9699297547340393,
    "complex_pde": 0.3241364657878876,
    "complex_ipde": 0.4225814640522003,
    "chains_ptm": {
        "0": 0.9792404174804688,
        "1": 0.9476990103721619
    },
    "pair_chains_iptm": {
        "0": {
            "0": 0.9792404174804688,
            "1": 0.8231386542320251
        },
        "1": {
            "0": 0.9872370362281799,
            "1": 0.9476990103721619
        }
    }
}