{
    "confidence_score": 0.9543744921684265,
    "ptm": 0.970912516117096,
    "iptm": 0.9839150905609131,
    "ligand_iptm": 0.9839150905609131,
    "protein_iptm": 0.0,
    "complex_plddt": 0.9469892978668213,
    "complex_iplddt": 0.954157829284668,
    "complex_pde": 0.35690560936927795,
    "complex_ipde": 0.494613379240036,
    "chains_ptm": {
        "0": 0.969114363193512,
        "1": 0.9321889877319336
    },
    "pair_chains_iptm": {
        "0": {
            "0": 0.969114363193512,
            "1": 0.7983957529067993
        },
        "1": {
            "0": 0.9839150905609131,
            "1": 0.9321889877319336
        }
    }
}