{
    "confidence_score": 0.9516373872756958,
    "ptm": 0.9749201536178589,
    "iptm": 0.985557496547699,
    "ligand_iptm": 0.985557496547699,
    "protein_iptm": 0.0,
    "complex_plddt": 0.9431573748588562,
    "complex_iplddt": 0.9234065413475037,
    "complex_pde": 0.34033846855163574,
    "complex_ipde": 0.4567774534225464,
    "chains_ptm": {
        "0": 0.9740596413612366,
        "1": 0.9395570755004883
    },
    "pair_chains_iptm": {
        "0": {
            "0": 0.9740596413612366,
            "1": 0.7838700413703918
        },
        "1": {
            "0": 0.985557496547699,
            "1": 0.9395570755004883
        }
    }
}