{
    "confidence_score": 0.9472220540046692,
    "ptm": 0.9717532992362976,
    "iptm": 0.9760614633560181,
    "ligand_iptm": 0.9760614633560181,
    "protein_iptm": 0.0,
    "complex_plddt": 0.9400122165679932,
    "complex_iplddt": 0.9017454385757446,
    "complex_pde": 0.35400915145874023,
    "complex_ipde": 0.5381537079811096,
    "chains_ptm": {
        "0": 0.9717912673950195,
        "1": 0.9295533895492554,
        "2": 0.9628769159317017
    },
    "pair_chains_iptm": {
        "0": {
            "0": 0.9717912673950195,
            "1": 0.8303022980690002,
            "2": 0.5230786800384521
        },
        "1": {
            "0": 0.978704035282135,
            "1": 0.9295533895492554,
            "2": 0.6839523315429688
        },
        "2": {
            "0": 0.9624401330947876,
            "1": 0.9099185466766357,
            "2": 0.9628769159317017
        }
    }
}