{
    "confidence_score": 0.9460198283195496,
    "ptm": 0.9809137582778931,
    "iptm": 0.9876540899276733,
    "ligand_iptm": 0.9876540899276733,
    "protein_iptm": 0.0,
    "complex_plddt": 0.9356113076210022,
    "complex_iplddt": 0.9212510585784912,
    "complex_pde": 0.32239943742752075,
    "complex_ipde": 0.4100959599018097,
    "chains_ptm": {
        "0": 0.9799407124519348,
        "1": 0.9639861583709717,
        "2": 0.9746225476264954
    },
    "pair_chains_iptm": {
        "0": {
            "0": 0.9799407124519348,
            "1": 0.8605252504348755,
            "2": 0.6511389017105103
        },
        "1": {
            "0": 0.9911145567893982,
            "1": 0.9639861583709717,
            "2": 0.7370098829269409
        },
        "2": {
            "0": 0.9734575748443604,
            "1": 0.9241085648536682,
            "2": 0.9746225476264954
        }
    }
}