{
    "confidence_score": 0.9660241007804871,
    "ptm": 0.9761543273925781,
    "iptm": 0.987617552280426,
    "ligand_iptm": 0.987617552280426,
    "protein_iptm": 0.0,
    "complex_plddt": 0.9606257081031799,
    "complex_iplddt": 0.9679184556007385,
    "complex_pde": 0.33295881748199463,
    "complex_ipde": 0.4277436137199402,
    "chains_ptm": {
        "0": 0.9752916097640991,
        "1": 0.9481757879257202
    },
    "pair_chains_iptm": {
        "0": {
            "0": 0.9752916097640991,
            "1": 0.8291500210762024
        },
        "1": {
            "0": 0.987617552280426,
            "1": 0.9481757879257202
        }
    }
}