{
    "confidence_score": 0.9588079452514648,
    "ptm": 0.9677866101264954,
    "iptm": 0.9884812831878662,
    "ligand_iptm": 0.9884812831878662,
    "protein_iptm": 0.0,
    "complex_plddt": 0.9513896703720093,
    "complex_iplddt": 0.9533412456512451,
    "complex_pde": 0.323578804731369,
    "complex_ipde": 0.39983120560646057,
    "chains_ptm": {
        "0": 0.9654068350791931,
        "1": 0.939060628414154
    },
    "pair_chains_iptm": {
        "0": {
            "0": 0.9654068350791931,
            "1": 0.8213919401168823
        },
        "1": {
            "0": 0.9884812831878662,
            "1": 0.939060628414154
        }
    }
}