{
    "confidence_score": 0.9576625227928162,
    "ptm": 0.9680754542350769,
    "iptm": 0.9883632063865662,
    "ligand_iptm": 0.9883632063865662,
    "protein_iptm": 0.0,
    "complex_plddt": 0.9499872922897339,
    "complex_iplddt": 0.9507842659950256,
    "complex_pde": 0.3245201110839844,
    "complex_ipde": 0.40491658449172974,
    "chains_ptm": {
        "0": 0.9657579064369202,
        "1": 0.9384686946868896
    },
    "pair_chains_iptm": {
        "0": {
            "0": 0.9657579064369202,
            "1": 0.8218767642974854
        },
        "1": {
            "0": 0.9883632063865662,
            "1": 0.9384686946868896
        }
    }
}