{
    "confidence_score": 0.9412238001823425,
    "ptm": 0.942744791507721,
    "iptm": 0.9837592244148254,
    "ligand_iptm": 0.9837592244148254,
    "protein_iptm": 0.0,
    "complex_plddt": 0.9305899739265442,
    "complex_iplddt": 0.9382660984992981,
    "complex_pde": 0.43335631489753723,
    "complex_ipde": 0.5422700047492981,
    "chains_ptm": {
        "0": 0.9370875954627991,
        "1": 0.9246677160263062
    },
    "pair_chains_iptm": {
        "0": {
            "0": 0.9370875954627991,
            "1": 0.8014014363288879
        },
        "1": {
            "0": 0.9837592244148254,
            "1": 0.9246677160263062
        }
    }
}