{
    "confidence_score": 0.9385796785354614,
    "ptm": 0.9414107203483582,
    "iptm": 0.9832167029380798,
    "ligand_iptm": 0.9832167029380798,
    "protein_iptm": 0.0,
    "complex_plddt": 0.927420437335968,
    "complex_iplddt": 0.9400989413261414,
    "complex_pde": 0.4377765357494354,
    "complex_ipde": 0.5500674843788147,
    "chains_ptm": {
        "0": 0.9356442093849182,
        "1": 0.918903112411499
    },
    "pair_chains_iptm": {
        "0": {
            "0": 0.9356442093849182,
            "1": 0.7971632480621338
        },
        "1": {
            "0": 0.9832167029380798,
            "1": 0.918903112411499
        }
    }
}