{
    "confidence_score": 0.9413623809814453,
    "ptm": 0.957271933555603,
    "iptm": 0.9853101968765259,
    "ligand_iptm": 0.9853101968765259,
    "protein_iptm": 0.0,
    "complex_plddt": 0.9303754568099976,
    "complex_iplddt": 0.9415428638458252,
    "complex_pde": 0.4599895179271698,
    "complex_ipde": 0.5496498346328735,
    "chains_ptm": {
        "0": 0.9525101780891418,
        "1": 0.9509899020195007,
        "2": 0.9758627414703369
    },
    "pair_chains_iptm": {
        "0": {
            "0": 0.9525101780891418,
            "1": 0.8103315830230713,
            "2": 0.6394832134246826
        },
        "1": {
            "0": 0.9891636371612549,
            "1": 0.9509899020195007,
            "2": 0.7738819718360901
        },
        "2": {
            "0": 0.9723647832870483,
            "1": 0.9227645397186279,
            "2": 0.9758627414703369
        }
    }
}