{
    "confidence_score": 0.9743677377700806,
    "ptm": 0.9755081534385681,
    "iptm": 0.9854700565338135,
    "ligand_iptm": 0.9854700565338135,
    "protein_iptm": 0.0,
    "complex_plddt": 0.9715920686721802,
    "complex_iplddt": 0.9745712876319885,
    "complex_pde": 0.3405735194683075,
    "complex_ipde": 0.4576391279697418,
    "chains_ptm": {
        "0": 0.9746546745300293,
        "1": 0.9360449314117432
    },
    "pair_chains_iptm": {
        "0": {
            "0": 0.9746546745300293,
            "1": 0.7875378727912903
        },
        "1": {
            "0": 0.9854700565338135,
            "1": 0.9360449314117432
        }
    }
}