{
    "confidence_score": 0.9506401419639587,
    "ptm": 0.9783859252929688,
    "iptm": 0.9880508780479431,
    "ligand_iptm": 0.9880508780479431,
    "protein_iptm": 0.0,
    "complex_plddt": 0.9412873983383179,
    "complex_iplddt": 0.9413737058639526,
    "complex_pde": 0.3162653148174286,
    "complex_ipde": 0.36778736114501953,
    "chains_ptm": {
        "0": 0.97757887840271,
        "1": 0.9470161199569702
    },
    "pair_chains_iptm": {
        "0": {
            "0": 0.97757887840271,
            "1": 0.8477849960327148
        },
        "1": {
            "0": 0.9880508780479431,
            "1": 0.9470161199569702
        }
    }
}