{
    "confidence_score": 0.9239974021911621,
    "ptm": 0.9540801644325256,
    "iptm": 0.9758215546607971,
    "ligand_iptm": 0.9758215546607971,
    "protein_iptm": 0.0,
    "complex_plddt": 0.9110413193702698,
    "complex_iplddt": 0.914091944694519,
    "complex_pde": 0.467245876789093,
    "complex_ipde": 0.6811830997467041,
    "chains_ptm": {
        "0": 0.9508928060531616,
        "1": 0.9340170621871948,
        "2": 0.969784140586853
    },
    "pair_chains_iptm": {
        "0": {
            "0": 0.9508928060531616,
            "1": 0.7815411686897278,
            "2": 0.5685217380523682
        },
        "1": {
            "0": 0.9800088405609131,
            "1": 0.9340170621871948,
            "2": 0.7084510922431946
        },
        "2": {
            "0": 0.9570264220237732,
            "1": 0.8921411633491516,
            "2": 0.969784140586853
        }
    }
}