{
    "confidence_score": 0.9614114761352539,
    "ptm": 0.9766665101051331,
    "iptm": 0.9860945343971252,
    "ligand_iptm": 0.9860945343971252,
    "protein_iptm": 0.0,
    "complex_plddt": 0.9552406668663025,
    "complex_iplddt": 0.9568194150924683,
    "complex_pde": 0.33462393283843994,
    "complex_ipde": 0.4373774230480194,
    "chains_ptm": {
        "0": 0.9757362604141235,
        "1": 0.9455976486206055
    },
    "pair_chains_iptm": {
        "0": {
            "0": 0.9757362604141235,
            "1": 0.8115701675415039
        },
        "1": {
            "0": 0.9860945343971252,
            "1": 0.9455976486206055
        }
    }
}