{
    "confidence_score": 0.9624485373497009,
    "ptm": 0.9687469005584717,
    "iptm": 0.9874044060707092,
    "ligand_iptm": 0.9874044060707092,
    "protein_iptm": 0.0,
    "complex_plddt": 0.9562094807624817,
    "complex_iplddt": 0.9632629156112671,
    "complex_pde": 0.3325360119342804,
    "complex_ipde": 0.4006814658641815,
    "chains_ptm": {
        "0": 0.966766893863678,
        "1": 0.9358845949172974
    },
    "pair_chains_iptm": {
        "0": {
            "0": 0.966766893863678,
            "1": 0.8293620347976685
        },
        "1": {
            "0": 0.9874044060707092,
            "1": 0.9358845949172974
        }
    }
}