{
    "confidence_score": 0.9630270004272461,
    "ptm": 0.9683712124824524,
    "iptm": 0.9865244030952454,
    "ligand_iptm": 0.9865244030952454,
    "protein_iptm": 0.0,
    "complex_plddt": 0.9571526646614075,
    "complex_iplddt": 0.9638296365737915,
    "complex_pde": 0.3398256301879883,
    "complex_ipde": 0.4180991053581238,
    "chains_ptm": {
        "0": 0.9665801525115967,
        "1": 0.9315754175186157
    },
    "pair_chains_iptm": {
        "0": {
            "0": 0.9665801525115967,
            "1": 0.8212403059005737
        },
        "1": {
            "0": 0.9865244030952454,
            "1": 0.9315754175186157
        }
    }
}