{
    "confidence_score": 0.9133526086807251,
    "ptm": 0.9488378167152405,
    "iptm": 0.9852609038352966,
    "ligand_iptm": 0.9852609038352966,
    "protein_iptm": 0.0,
    "complex_plddt": 0.8953754901885986,
    "complex_iplddt": 0.940358579158783,
    "complex_pde": 0.44590994715690613,
    "complex_ipde": 0.4966886639595032,
    "chains_ptm": {
        "0": 0.944260835647583,
        "1": 0.9402306079864502
    },
    "pair_chains_iptm": {
        "0": {
            "0": 0.944260835647583,
            "1": 0.7948293685913086
        },
        "1": {
            "0": 0.9852609038352966,
            "1": 0.9402306079864502
        }
    }
}