{
    "confidence_score": 0.914128303527832,
    "ptm": 0.9470952153205872,
    "iptm": 0.9833565354347229,
    "ligand_iptm": 0.9833565354347229,
    "protein_iptm": 0.0,
    "complex_plddt": 0.8968212604522705,
    "complex_iplddt": 0.9401760697364807,
    "complex_pde": 0.4597306251525879,
    "complex_ipde": 0.5381211638450623,
    "chains_ptm": {
        "0": 0.9425028562545776,
        "1": 0.9348561763763428
    },
    "pair_chains_iptm": {
        "0": {
            "0": 0.9425028562545776,
            "1": 0.781165599822998
        },
        "1": {
            "0": 0.9833565354347229,
            "1": 0.9348561763763428
        }
    }
}