{
    "confidence_score": 0.9624969363212585,
    "ptm": 0.9698302745819092,
    "iptm": 0.9874100685119629,
    "ligand_iptm": 0.9874100685119629,
    "protein_iptm": 0.0,
    "complex_plddt": 0.9562686085700989,
    "complex_iplddt": 0.9669955968856812,
    "complex_pde": 0.3552606403827667,
    "complex_ipde": 0.43799418210983276,
    "chains_ptm": {
        "0": 0.967911958694458,
        "1": 0.9472180604934692
    },
    "pair_chains_iptm": {
        "0": {
            "0": 0.967911958694458,
            "1": 0.8237096071243286
        },
        "1": {
            "0": 0.9874100685119629,
            "1": 0.9472180604934692
        }
    }
}