{
    "confidence_score": 0.9725659489631653,
    "ptm": 0.9711635708808899,
    "iptm": 0.9856955409049988,
    "ligand_iptm": 0.9856955409049988,
    "protein_iptm": 0.0,
    "complex_plddt": 0.9692835807800293,
    "complex_iplddt": 0.9772284626960754,
    "complex_pde": 0.3597680926322937,
    "complex_ipde": 0.43623003363609314,
    "chains_ptm": {
        "0": 0.9693406820297241,
        "1": 0.9436248540878296
    },
    "pair_chains_iptm": {
        "0": {
            "0": 0.9693406820297241,
            "1": 0.8113638758659363
        },
        "1": {
            "0": 0.9856955409049988,
            "1": 0.9436248540878296
        }
    }
}