{
    "confidence_score": 0.9598333239555359,
    "ptm": 0.9822245240211487,
    "iptm": 0.9850698113441467,
    "ligand_iptm": 0.9850698113441467,
    "protein_iptm": 0.0,
    "complex_plddt": 0.9535241723060608,
    "complex_iplddt": 0.9513558745384216,
    "complex_pde": 0.3319130837917328,
    "complex_ipde": 0.4644554853439331,
    "chains_ptm": {
        "0": 0.9819478392601013,
        "1": 0.9675037264823914,
        "2": 0.9663648009300232
    },
    "pair_chains_iptm": {
        "0": {
            "0": 0.9819478392601013,
            "1": 0.8566445112228394,
            "2": 0.4828418791294098
        },
        "1": {
            "0": 0.9904398322105408,
            "1": 0.9675037264823914,
            "2": 0.6210517287254333
        },
        "2": {
            "0": 0.9640095233917236,
            "1": 0.9031598567962646,
            "2": 0.9663648009300232
        }
    }
}