{
    "confidence_score": 0.9737145304679871,
    "ptm": 0.9819580316543579,
    "iptm": 0.9849140048027039,
    "ligand_iptm": 0.9849140048027039,
    "protein_iptm": 0.0,
    "complex_plddt": 0.9709147214889526,
    "complex_iplddt": 0.9661360383033752,
    "complex_pde": 0.32990768551826477,
    "complex_ipde": 0.46580642461776733,
    "chains_ptm": {
        "0": 0.9818381071090698,
        "1": 0.9603018164634705,
        "2": 0.9703940749168396
    },
    "pair_chains_iptm": {
        "0": {
            "0": 0.9818381071090698,
            "1": 0.8431732654571533,
            "2": 0.5370815992355347
        },
        "1": {
            "0": 0.9896970391273499,
            "1": 0.9603018164634705,
            "2": 0.6706823706626892
        },
        "2": {
            "0": 0.9663465619087219,
            "1": 0.897023618221283,
            "2": 0.9703940749168396
        }
    }
}