{
    "confidence_score": 0.9518963098526001,
    "ptm": 0.9589335322380066,
    "iptm": 0.9841591119766235,
    "ligand_iptm": 0.9841591119766235,
    "protein_iptm": 0.0,
    "complex_plddt": 0.9438305497169495,
    "complex_iplddt": 0.9669706225395203,
    "complex_pde": 0.3641126751899719,
    "complex_ipde": 0.48634153604507446,
    "chains_ptm": {
        "0": 0.9553397297859192,
        "1": 0.9637741446495056,
        "2": 0.9726687669754028
    },
    "pair_chains_iptm": {
        "0": {
            "0": 0.9553397297859192,
            "1": 0.8177812695503235,
            "2": 0.5225957632064819
        },
        "1": {
            "0": 0.9894614815711975,
            "1": 0.9637741446495056,
            "2": 0.6084882020950317
        },
        "2": {
            "0": 0.9641578793525696,
            "1": 0.8690124750137329,
            "2": 0.9726687669754028
        }
    }
}