{
    "confidence_score": 0.9670557379722595,
    "ptm": 0.9642934799194336,
    "iptm": 0.9863558411598206,
    "ligand_iptm": 0.9863558411598206,
    "protein_iptm": 0.0,
    "complex_plddt": 0.9622306823730469,
    "complex_iplddt": 0.9714170694351196,
    "complex_pde": 0.39092615246772766,
    "complex_ipde": 0.4306373596191406,
    "chains_ptm": {
        "0": 0.9612284898757935,
        "1": 0.9325058460235596
    },
    "pair_chains_iptm": {
        "0": {
            "0": 0.9612284898757935,
            "1": 0.8273083567619324
        },
        "1": {
            "0": 0.9863558411598206,
            "1": 0.9325058460235596
        }
    }
}