{
    "confidence_score": 0.9662162661552429,
    "ptm": 0.9638866186141968,
    "iptm": 0.9865586757659912,
    "ligand_iptm": 0.9865586757659912,
    "protein_iptm": 0.0,
    "complex_plddt": 0.961130678653717,
    "complex_iplddt": 0.9695481657981873,
    "complex_pde": 0.3935262858867645,
    "complex_ipde": 0.428446888923645,
    "chains_ptm": {
        "0": 0.9607333540916443,
        "1": 0.9319840669631958
    },
    "pair_chains_iptm": {
        "0": {
            "0": 0.9607333540916443,
            "1": 0.8284386396408081
        },
        "1": {
            "0": 0.9865586757659912,
            "1": 0.9319840669631958
        }
    }
}