{
    "confidence_score": 0.9113235473632812,
    "ptm": 0.9240829944610596,
    "iptm": 0.9862999320030212,
    "ligand_iptm": 0.9862999320030212,
    "protein_iptm": 0.0,
    "complex_plddt": 0.8925794959068298,
    "complex_iplddt": 0.8987969160079956,
    "complex_pde": 0.6638898849487305,
    "complex_ipde": 0.7819803953170776,
    "chains_ptm": {
        "0": 0.916385293006897,
        "1": 0.9243476390838623
    },
    "pair_chains_iptm": {
        "0": {
            "0": 0.916385293006897,
            "1": 0.7427257895469666
        },
        "1": {
            "0": 0.9862999320030212,
            "1": 0.9243476390838623
        }
    }
}