{
    "confidence_score": 0.9126793146133423,
    "ptm": 0.9235609173774719,
    "iptm": 0.9864819049835205,
    "ligand_iptm": 0.9864819049835205,
    "protein_iptm": 0.0,
    "complex_plddt": 0.8942286372184753,
    "complex_iplddt": 0.9050143957138062,
    "complex_pde": 0.6757564544677734,
    "complex_ipde": 0.7821130752563477,
    "chains_ptm": {
        "0": 0.9157418012619019,
        "1": 0.9201600551605225
    },
    "pair_chains_iptm": {
        "0": {
            "0": 0.9157418012619019,
            "1": 0.7721779346466064
        },
        "1": {
            "0": 0.9864819049835205,
            "1": 0.9201600551605225
        }
    }
}