{
    "confidence_score": 0.9450168013572693,
    "ptm": 0.9747245907783508,
    "iptm": 0.9879071712493896,
    "ligand_iptm": 0.9879071712493896,
    "protein_iptm": 0.0,
    "complex_plddt": 0.9342941641807556,
    "complex_iplddt": 0.9457615613937378,
    "complex_pde": 0.34746891260147095,
    "complex_ipde": 0.4548237919807434,
    "chains_ptm": {
        "0": 0.9730421304702759,
        "1": 0.9465416669845581
    },
    "pair_chains_iptm": {
        "0": {
            "0": 0.9730421304702759,
            "1": 0.8262937664985657
        },
        "1": {
            "0": 0.9879071712493896,
            "1": 0.9465416669845581
        }
    }
}