{
    "confidence_score": 0.9542288184165955,
    "ptm": 0.9714972376823425,
    "iptm": 0.9871222972869873,
    "ligand_iptm": 0.9871222972869873,
    "protein_iptm": 0.0,
    "complex_plddt": 0.9460054039955139,
    "complex_iplddt": 0.9619770050048828,
    "complex_pde": 0.35057657957077026,
    "complex_ipde": 0.4147995412349701,
    "chains_ptm": {
        "0": 0.9697869420051575,
        "1": 0.9467035531997681
    },
    "pair_chains_iptm": {
        "0": {
            "0": 0.9697869420051575,
            "1": 0.8349466919898987
        },
        "1": {
            "0": 0.9871222972869873,
            "1": 0.9467035531997681
        }
    }
}