{
    "confidence_score": 0.9741401076316833,
    "ptm": 0.9769916534423828,
    "iptm": 0.9854995608329773,
    "ligand_iptm": 0.9854995608329773,
    "protein_iptm": 0.0,
    "complex_plddt": 0.9713002443313599,
    "complex_iplddt": 0.9724797010421753,
    "complex_pde": 0.33429569005966187,
    "complex_ipde": 0.453816682100296,
    "chains_ptm": {
        "0": 0.9762797951698303,
        "1": 0.9443889856338501
    },
    "pair_chains_iptm": {
        "0": {
            "0": 0.9762797951698303,
            "1": 0.7795810103416443
        },
        "1": {
            "0": 0.9854995608329773,
            "1": 0.9443889856338501
        }
    }
}