{
    "confidence_score": 0.9741765856742859,
    "ptm": 0.982957124710083,
    "iptm": 0.9858253002166748,
    "ligand_iptm": 0.9858253002166748,
    "protein_iptm": 0.0,
    "complex_plddt": 0.9712643623352051,
    "complex_iplddt": 0.9676129817962646,
    "complex_pde": 0.3166576623916626,
    "complex_ipde": 0.4250335991382599,
    "chains_ptm": {
        "0": 0.9826229810714722,
        "1": 0.9602487087249756,
        "2": 0.9691747426986694
    },
    "pair_chains_iptm": {
        "0": {
            "0": 0.9826229810714722,
            "1": 0.8329294919967651,
            "2": 0.5225375890731812
        },
        "1": {
            "0": 0.9899094700813293,
            "1": 0.9602487087249756,
            "2": 0.621607780456543
        },
        "2": {
            "0": 0.9716466665267944,
            "1": 0.8955003023147583,
            "2": 0.9691747426986694
        }
    }
}