{
    "confidence_score": 0.9417349696159363,
    "ptm": 0.9516901969909668,
    "iptm": 0.9810298085212708,
    "ligand_iptm": 0.9810298085212708,
    "protein_iptm": 0.0,
    "complex_plddt": 0.931911289691925,
    "complex_iplddt": 0.9461190700531006,
    "complex_pde": 0.4343941807746887,
    "complex_ipde": 0.5728248357772827,
    "chains_ptm": {
        "0": 0.9483140110969543,
        "1": 0.9239634871482849
    },
    "pair_chains_iptm": {
        "0": {
            "0": 0.9483140110969543,
            "1": 0.7318378686904907
        },
        "1": {
            "0": 0.9810298085212708,
            "1": 0.9239634871482849
        }
    }
}