{
    "confidence_score": 0.9656769037246704,
    "ptm": 0.9753115177154541,
    "iptm": 0.9861884713172913,
    "ligand_iptm": 0.9861884713172913,
    "protein_iptm": 0.0,
    "complex_plddt": 0.960548996925354,
    "complex_iplddt": 0.9705377221107483,
    "complex_pde": 0.3360951542854309,
    "complex_ipde": 0.4132510721683502,
    "chains_ptm": {
        "0": 0.9742574095726013,
        "1": 0.93865966796875
    },
    "pair_chains_iptm": {
        "0": {
            "0": 0.9742574095726013,
            "1": 0.8354638814926147
        },
        "1": {
            "0": 0.9861884713172913,
            "1": 0.93865966796875
        }
    }
}