{
    "confidence_score": 0.9472970366477966,
    "ptm": 0.9683539867401123,
    "iptm": 0.9848881363868713,
    "ligand_iptm": 0.9848881363868713,
    "protein_iptm": 0.0,
    "complex_plddt": 0.9378992319107056,
    "complex_iplddt": 0.9464950561523438,
    "complex_pde": 0.3765140175819397,
    "complex_ipde": 0.4561634659767151,
    "chains_ptm": {
        "0": 0.9661399722099304,
        "1": 0.9324808120727539
    },
    "pair_chains_iptm": {
        "0": {
            "0": 0.9661399722099304,
            "1": 0.8157805800437927
        },
        "1": {
            "0": 0.9848881363868713,
            "1": 0.9324808120727539
        }
    }
}