{
    "confidence_score": 0.9714671969413757,
    "ptm": 0.9787179827690125,
    "iptm": 0.9837178587913513,
    "ligand_iptm": 0.9837178587913513,
    "protein_iptm": 0.0,
    "complex_plddt": 0.9684045314788818,
    "complex_iplddt": 0.9589385986328125,
    "complex_pde": 0.3476865291595459,
    "complex_ipde": 0.5036860704421997,
    "chains_ptm": {
        "0": 0.9783858060836792,
        "1": 0.9455232620239258,
        "2": 0.966212809085846
    },
    "pair_chains_iptm": {
        "0": {
            "0": 0.9783858060836792,
            "1": 0.8453378677368164,
            "2": 0.5365395545959473
        },
        "1": {
            "0": 0.9884462952613831,
            "1": 0.9455232620239258,
            "2": 0.631495475769043
        },
        "2": {
            "0": 0.9621037840843201,
            "1": 0.920206606388092,
            "2": 0.966212809085846
        }
    }
}