{
    "confidence_score": 0.948394238948822,
    "ptm": 0.9623897671699524,
    "iptm": 0.9811437129974365,
    "ligand_iptm": 0.9811437129974365,
    "protein_iptm": 0.0,
    "complex_plddt": 0.9402068257331848,
    "complex_iplddt": 0.9372245669364929,
    "complex_pde": 0.3729175627231598,
    "complex_ipde": 0.5548809170722961,
    "chains_ptm": {
        "0": 0.960028350353241,
        "1": 0.9208123683929443
    },
    "pair_chains_iptm": {
        "0": {
            "0": 0.960028350353241,
            "1": 0.8071137070655823
        },
        "1": {
            "0": 0.9811437129974365,
            "1": 0.9208123683929443
        }
    }
}