{
    "confidence_score": 0.9643638730049133,
    "ptm": 0.9751291275024414,
    "iptm": 0.9861624836921692,
    "ligand_iptm": 0.9861624836921692,
    "protein_iptm": 0.0,
    "complex_plddt": 0.9589142203330994,
    "complex_iplddt": 0.9613678455352783,
    "complex_pde": 0.3376155495643616,
    "complex_ipde": 0.43417805433273315,
    "chains_ptm": {
        "0": 0.9740436673164368,
        "1": 0.9405149817466736
    },
    "pair_chains_iptm": {
        "0": {
            "0": 0.9740436673164368,
            "1": 0.8227857947349548
        },
        "1": {
            "0": 0.9861624836921692,
            "1": 0.9405149817466736
        }
    }
}