{
    "confidence_score": 0.9635099768638611,
    "ptm": 0.9762526154518127,
    "iptm": 0.9864025712013245,
    "ligand_iptm": 0.9864025712013245,
    "protein_iptm": 0.0,
    "complex_plddt": 0.9577867388725281,
    "complex_iplddt": 0.9602837562561035,
    "complex_pde": 0.3345937728881836,
    "complex_ipde": 0.43164750933647156,
    "chains_ptm": {
        "0": 0.9752684235572815,
        "1": 0.9429970979690552
    },
    "pair_chains_iptm": {
        "0": {
            "0": 0.9752684235572815,
            "1": 0.813073456287384
        },
        "1": {
            "0": 0.9864025712013245,
            "1": 0.9429970979690552
        }
    }
}