{
    "confidence_score": 0.9672796130180359,
    "ptm": 0.9720098972320557,
    "iptm": 0.9864101409912109,
    "ligand_iptm": 0.9864101409912109,
    "protein_iptm": 0.0,
    "complex_plddt": 0.9624969363212585,
    "complex_iplddt": 0.9660895466804504,
    "complex_pde": 0.358906626701355,
    "complex_ipde": 0.48924630880355835,
    "chains_ptm": {
        "0": 0.9705469608306885,
        "1": 0.9424479007720947
    },
    "pair_chains_iptm": {
        "0": {
            "0": 0.9705469608306885,
            "1": 0.76731276512146
        },
        "1": {
            "0": 0.9864101409912109,
            "1": 0.9424479007720947
        }
    }
}