{
    "confidence_score": 0.9215518832206726,
    "ptm": 0.9340882301330566,
    "iptm": 0.9869906902313232,
    "ligand_iptm": 0.9869906902313232,
    "protein_iptm": 0.0,
    "complex_plddt": 0.9051921963691711,
    "complex_iplddt": 0.9180695414543152,
    "complex_pde": 0.5582515597343445,
    "complex_ipde": 0.6603401303291321,
    "chains_ptm": {
        "0": 0.9275338053703308,
        "1": 0.9230557680130005
    },
    "pair_chains_iptm": {
        "0": {
            "0": 0.9275338053703308,
            "1": 0.7855897545814514
        },
        "1": {
            "0": 0.9869906902313232,
            "1": 0.9230557680130005
        }
    }
}