{
    "confidence_score": 0.9214086532592773,
    "ptm": 0.9364145994186401,
    "iptm": 0.9882449507713318,
    "ligand_iptm": 0.9882449507713318,
    "protein_iptm": 0.0,
    "complex_plddt": 0.9046995639801025,
    "complex_iplddt": 0.9170576333999634,
    "complex_pde": 0.5405521392822266,
    "complex_ipde": 0.6280748844146729,
    "chains_ptm": {
        "0": 0.9300416707992554,
        "1": 0.9340150356292725
    },
    "pair_chains_iptm": {
        "0": {
            "0": 0.9300416707992554,
            "1": 0.8069248795509338
        },
        "1": {
            "0": 0.9882449507713318,
            "1": 0.9340150356292725
        }
    }
}