{
    "confidence_score": 0.9660892486572266,
    "ptm": 0.982814610004425,
    "iptm": 0.9860800504684448,
    "ligand_iptm": 0.9860800504684448,
    "protein_iptm": 0.0,
    "complex_plddt": 0.9610915184020996,
    "complex_iplddt": 0.9530669450759888,
    "complex_pde": 0.3159453272819519,
    "complex_ipde": 0.40440085530281067,
    "chains_ptm": {
        "0": 0.9824109673500061,
        "1": 0.9642853140830994,
        "2": 0.9667483568191528
    },
    "pair_chains_iptm": {
        "0": {
            "0": 0.9824109673500061,
            "1": 0.8597680330276489,
            "2": 0.523696780204773
        },
        "1": {
            "0": 0.9897693991661072,
            "1": 0.9642853140830994,
            "2": 0.6130517721176147
        },
        "2": {
            "0": 0.976201593875885,
            "1": 0.9174513220787048,
            "2": 0.9667483568191528
        }
    }
}