{
    "confidence_score": 0.9653319716453552,
    "ptm": 0.9742997288703918,
    "iptm": 0.9854257106781006,
    "ligand_iptm": 0.9854257106781006,
    "protein_iptm": 0.0,
    "complex_plddt": 0.9603084921836853,
    "complex_iplddt": 0.9626259207725525,
    "complex_pde": 0.36231982707977295,
    "complex_ipde": 0.5115532875061035,
    "chains_ptm": {
        "0": 0.972845196723938,
        "1": 0.9331337213516235
    },
    "pair_chains_iptm": {
        "0": {
            "0": 0.972845196723938,
            "1": 0.7648558020591736
        },
        "1": {
            "0": 0.9854257106781006,
            "1": 0.9331337213516235
        }
    }
}