{
    "confidence_score": 0.9475294351577759,
    "ptm": 0.9739008545875549,
    "iptm": 0.988006591796875,
    "ligand_iptm": 0.988006591796875,
    "protein_iptm": 0.0,
    "complex_plddt": 0.9374101758003235,
    "complex_iplddt": 0.9489526152610779,
    "complex_pde": 0.35355687141418457,
    "complex_ipde": 0.45622795820236206,
    "chains_ptm": {
        "0": 0.9720373153686523,
        "1": 0.947713315486908
    },
    "pair_chains_iptm": {
        "0": {
            "0": 0.9720373153686523,
            "1": 0.8404446244239807
        },
        "1": {
            "0": 0.988006591796875,
            "1": 0.947713315486908
        }
    }
}