{
    "confidence_score": 0.9723163843154907,
    "ptm": 0.9837615489959717,
    "iptm": 0.9859169721603394,
    "ligand_iptm": 0.9859169721603394,
    "protein_iptm": 0.0,
    "complex_plddt": 0.9689161777496338,
    "complex_iplddt": 0.9768040776252747,
    "complex_pde": 0.3186191916465759,
    "complex_ipde": 0.4354415237903595,
    "chains_ptm": {
        "0": 0.9835986495018005,
        "1": 0.9716622233390808,
        "2": 0.9717820882797241
    },
    "pair_chains_iptm": {
        "0": {
            "0": 0.9835986495018005,
            "1": 0.8760818243026733,
            "2": 0.4657132029533386
        },
        "1": {
            "0": 0.9925715923309326,
            "1": 0.9716622233390808,
            "2": 0.5475854873657227
        },
        "2": {
            "0": 0.9587801098823547,
            "1": 0.8960536122322083,
            "2": 0.9717820882797241
        }
    }
}