{
    "confidence_score": 0.9692302942276001,
    "ptm": 0.9720076322555542,
    "iptm": 0.9856706261634827,
    "ligand_iptm": 0.9856706261634827,
    "protein_iptm": 0.0,
    "complex_plddt": 0.9651201963424683,
    "complex_iplddt": 0.9705184698104858,
    "complex_pde": 0.3520701825618744,
    "complex_ipde": 0.4528411328792572,
    "chains_ptm": {
        "0": 0.9706679582595825,
        "1": 0.9398741126060486
    },
    "pair_chains_iptm": {
        "0": {
            "0": 0.9706679582595825,
            "1": 0.7832607626914978
        },
        "1": {
            "0": 0.9856706261634827,
            "1": 0.9398741126060486
        }
    }
}