{
    "confidence_score": 0.948956310749054,
    "ptm": 0.973381757736206,
    "iptm": 0.9868378639221191,
    "ligand_iptm": 0.9868378639221191,
    "protein_iptm": 0.0,
    "complex_plddt": 0.9394858479499817,
    "complex_iplddt": 0.9485737085342407,
    "complex_pde": 0.3425511121749878,
    "complex_ipde": 0.41597869992256165,
    "chains_ptm": {
        "0": 0.9715933799743652,
        "1": 0.9611907601356506,
        "2": 0.972362756729126
    },
    "pair_chains_iptm": {
        "0": {
            "0": 0.9715933799743652,
            "1": 0.8672385811805725,
            "2": 0.5851094722747803
        },
        "1": {
            "0": 0.9906079173088074,
            "1": 0.9611907601356506,
            "2": 0.6734287142753601
        },
        "2": {
            "0": 0.9732213616371155,
            "1": 0.9234544634819031,
            "2": 0.972362756729126
        }
    }
}