{
    "confidence_score": 0.9715971350669861,
    "ptm": 0.9827489256858826,
    "iptm": 0.9867656230926514,
    "ligand_iptm": 0.9867656230926514,
    "protein_iptm": 0.0,
    "complex_plddt": 0.967805027961731,
    "complex_iplddt": 0.9694520235061646,
    "complex_pde": 0.3132946789264679,
    "complex_ipde": 0.4034038186073303,
    "chains_ptm": {
        "0": 0.9824292063713074,
        "1": 0.9639340043067932,
        "2": 0.9670503735542297
    },
    "pair_chains_iptm": {
        "0": {
            "0": 0.9824292063713074,
            "1": 0.858077347278595,
            "2": 0.5428707599639893
        },
        "1": {
            "0": 0.9905317425727844,
            "1": 0.9639340043067932,
            "2": 0.6415863037109375
        },
        "2": {
            "0": 0.9745205044746399,
            "1": 0.9192668795585632,
            "2": 0.9670503735542297
        }
    }
}