{
    "confidence_score": 0.9528453946113586,
    "ptm": 0.9767399430274963,
    "iptm": 0.982170045375824,
    "ligand_iptm": 0.982170045375824,
    "protein_iptm": 0.0,
    "complex_plddt": 0.9455142021179199,
    "complex_iplddt": 0.9463307857513428,
    "complex_pde": 0.3741300404071808,
    "complex_ipde": 0.5778598785400391,
    "chains_ptm": {
        "0": 0.9760262966156006,
        "1": 0.9568897485733032,
        "2": 0.9649662971496582
    },
    "pair_chains_iptm": {
        "0": {
            "0": 0.9760262966156006,
            "1": 0.8444011807441711,
            "2": 0.4783039093017578
        },
        "1": {
            "0": 0.9901133179664612,
            "1": 0.9568897485733032,
            "2": 0.5979133248329163
        },
        "2": {
            "0": 0.9469658136367798,
            "1": 0.8985793590545654,
            "2": 0.9649662971496582
        }
    }
}