{
    "confidence_score": 0.9734479188919067,
    "ptm": 0.9850432276725769,
    "iptm": 0.9883540272712708,
    "ligand_iptm": 0.9883540272712708,
    "protein_iptm": 0.0,
    "complex_plddt": 0.9697213768959045,
    "complex_iplddt": 0.9706757068634033,
    "complex_pde": 0.30935385823249817,
    "complex_ipde": 0.3960481286048889,
    "chains_ptm": {
        "0": 0.9847167730331421,
        "1": 0.9665002226829529,
        "2": 0.9738984704017639
    },
    "pair_chains_iptm": {
        "0": {
            "0": 0.9847167730331421,
            "1": 0.8877212405204773,
            "2": 0.6192091107368469
        },
        "1": {
            "0": 0.9924306273460388,
            "1": 0.9665002226829529,
            "2": 0.7496142387390137
        },
        "2": {
            "0": 0.9717845320701599,
            "1": 0.9250298142433167,
            "2": 0.9738984704017639
        }
    }
}