{
    "confidence_score": 0.973715603351593,
    "ptm": 0.9827951788902283,
    "iptm": 0.9870812892913818,
    "ligand_iptm": 0.9870812892913818,
    "protein_iptm": 0.0,
    "complex_plddt": 0.9703741669654846,
    "complex_iplddt": 0.969321072101593,
    "complex_pde": 0.3134409189224243,
    "complex_ipde": 0.41248977184295654,
    "chains_ptm": {
        "0": 0.9824911952018738,
        "1": 0.9666849970817566,
        "2": 0.9657282829284668
    },
    "pair_chains_iptm": {
        "0": {
            "0": 0.9824911952018738,
            "1": 0.8557172417640686,
            "2": 0.49120908975601196
        },
        "1": {
            "0": 0.9910001158714294,
            "1": 0.9666849970817566,
            "2": 0.5880947709083557
        },
        "2": {
            "0": 0.9727199673652649,
            "1": 0.9084043502807617,
            "2": 0.9657282829284668
        }
    }
}