{
    "confidence_score": 0.9599098563194275,
    "ptm": 0.97331702709198,
    "iptm": 0.9851582646369934,
    "ligand_iptm": 0.9851582646369934,
    "protein_iptm": 0.0,
    "complex_plddt": 0.9535977244377136,
    "complex_iplddt": 0.9467095732688904,
    "complex_pde": 0.3484915792942047,
    "complex_ipde": 0.46202602982521057,
    "chains_ptm": {
        "0": 0.9721798896789551,
        "1": 0.944335401058197
    },
    "pair_chains_iptm": {
        "0": {
            "0": 0.9721798896789551,
            "1": 0.7748476266860962
        },
        "1": {
            "0": 0.9851582646369934,
            "1": 0.944335401058197
        }
    }
}