{
    "confidence_score": 0.9648593068122864,
    "ptm": 0.9785158634185791,
    "iptm": 0.9877932667732239,
    "ligand_iptm": 0.9877932667732239,
    "protein_iptm": 0.0,
    "complex_plddt": 0.9591257572174072,
    "complex_iplddt": 0.9654271006584167,
    "complex_pde": 0.32498064637184143,
    "complex_ipde": 0.40206754207611084,
    "chains_ptm": {
        "0": 0.9772590398788452,
        "1": 0.9498757719993591
    },
    "pair_chains_iptm": {
        "0": {
            "0": 0.9772590398788452,
            "1": 0.8227726221084595
        },
        "1": {
            "0": 0.9877932667732239,
            "1": 0.9498757719993591
        }
    }
}