{
    "confidence_score": 0.9677572250366211,
    "ptm": 0.9751136302947998,
    "iptm": 0.9867737293243408,
    "ligand_iptm": 0.9867737293243408,
    "protein_iptm": 0.0,
    "complex_plddt": 0.9630030989646912,
    "complex_iplddt": 0.9658875465393066,
    "complex_pde": 0.33772748708724976,
    "complex_ipde": 0.44316565990448,
    "chains_ptm": {
        "0": 0.9740404486656189,
        "1": 0.9474965929985046
    },
    "pair_chains_iptm": {
        "0": {
            "0": 0.9740404486656189,
            "1": 0.8256291747093201
        },
        "1": {
            "0": 0.9867737293243408,
            "1": 0.9474965929985046
        }
    }
}