{
    "confidence_score": 0.8794395327568054,
    "ptm": 0.9184009432792664,
    "iptm": 0.9882552623748779,
    "ligand_iptm": 0.9882552623748779,
    "protein_iptm": 0.0,
    "complex_plddt": 0.8522356748580933,
    "complex_iplddt": 0.897741973400116,
    "complex_pde": 0.5205287337303162,
    "complex_ipde": 0.4648459553718567,
    "chains_ptm": {
        "0": 0.909373939037323,
        "1": 0.9460760354995728
    },
    "pair_chains_iptm": {
        "0": {
            "0": 0.909373939037323,
            "1": 0.7951029539108276
        },
        "1": {
            "0": 0.9882552623748779,
            "1": 0.9460760354995728
        }
    }
}