{
    "confidence_score": 0.875980019569397,
    "ptm": 0.9218224287033081,
    "iptm": 0.9883350729942322,
    "ligand_iptm": 0.9883350729942322,
    "protein_iptm": 0.0,
    "complex_plddt": 0.8478912115097046,
    "complex_iplddt": 0.9016761779785156,
    "complex_pde": 0.5143625736236572,
    "complex_ipde": 0.45205214619636536,
    "chains_ptm": {
        "0": 0.9132251739501953,
        "1": 0.9473106861114502
    },
    "pair_chains_iptm": {
        "0": {
            "0": 0.9132251739501953,
            "1": 0.7934795022010803
        },
        "1": {
            "0": 0.9883350729942322,
            "1": 0.9473106861114502
        }
    }
}