{
    "confidence_score": 0.9383504986763,
    "ptm": 0.9573397636413574,
    "iptm": 0.9866717457771301,
    "ligand_iptm": 0.9866717457771301,
    "protein_iptm": 0.0,
    "complex_plddt": 0.9262701272964478,
    "complex_iplddt": 0.931111216545105,
    "complex_pde": 0.41876935958862305,
    "complex_ipde": 0.5676355957984924,
    "chains_ptm": {
        "0": 0.9535666704177856,
        "1": 0.9411789774894714
    },
    "pair_chains_iptm": {
        "0": {
            "0": 0.9535666704177856,
            "1": 0.7791732549667358
        },
        "1": {
            "0": 0.9866717457771301,
            "1": 0.9411789774894714
        }
    }
}