{
    "confidence_score": 0.9428348541259766,
    "ptm": 0.9549620151519775,
    "iptm": 0.9853606224060059,
    "ligand_iptm": 0.9853606224060059,
    "protein_iptm": 0.0,
    "complex_plddt": 0.9322033524513245,
    "complex_iplddt": 0.9466834664344788,
    "complex_pde": 0.429264098405838,
    "complex_ipde": 0.5941259264945984,
    "chains_ptm": {
        "0": 0.9509867429733276,
        "1": 0.9353878498077393
    },
    "pair_chains_iptm": {
        "0": {
            "0": 0.9509867429733276,
            "1": 0.7833106517791748
        },
        "1": {
            "0": 0.9853606224060059,
            "1": 0.9353878498077393
        }
    }
}