{
    "confidence_score": 0.9549369812011719,
    "ptm": 0.9744248390197754,
    "iptm": 0.9838471412658691,
    "ligand_iptm": 0.9838471412658691,
    "protein_iptm": 0.0,
    "complex_plddt": 0.9477093815803528,
    "complex_iplddt": 0.9349262714385986,
    "complex_pde": 0.3618609607219696,
    "complex_ipde": 0.5007594227790833,
    "chains_ptm": {
        "0": 0.9732622504234314,
        "1": 0.9602206349372864,
        "2": 0.9725521206855774
    },
    "pair_chains_iptm": {
        "0": {
            "0": 0.9732622504234314,
            "1": 0.8265584111213684,
            "2": 0.4943247139453888
        },
        "1": {
            "0": 0.9893164038658142,
            "1": 0.9602206349372864,
            "2": 0.627042293548584
        },
        "2": {
            "0": 0.9604827165603638,
            "1": 0.8867738842964172,
            "2": 0.9725521206855774
        }
    }
}