{
    "confidence_score": 0.9717217683792114,
    "ptm": 0.9785051345825195,
    "iptm": 0.9870949387550354,
    "ligand_iptm": 0.9870949387550354,
    "protein_iptm": 0.0,
    "complex_plddt": 0.9678784608840942,
    "complex_iplddt": 0.9716123938560486,
    "complex_pde": 0.32225412130355835,
    "complex_ipde": 0.41611894965171814,
    "chains_ptm": {
        "0": 0.9776082038879395,
        "1": 0.9384434223175049
    },
    "pair_chains_iptm": {
        "0": {
            "0": 0.9776082038879395,
            "1": 0.832051157951355
        },
        "1": {
            "0": 0.9870949387550354,
            "1": 0.9384434223175049
        }
    }
}