{
    "confidence_score": 0.9639248251914978,
    "ptm": 0.9752580523490906,
    "iptm": 0.9866921305656433,
    "ligand_iptm": 0.9866921305656433,
    "protein_iptm": 0.0,
    "complex_plddt": 0.9582329988479614,
    "complex_iplddt": 0.9659954905509949,
    "complex_pde": 0.32432806491851807,
    "complex_ipde": 0.4040517210960388,
    "chains_ptm": {
        "0": 0.9737216830253601,
        "1": 0.9544357657432556,
        "2": 0.9661617875099182
    },
    "pair_chains_iptm": {
        "0": {
            "0": 0.9737216830253601,
            "1": 0.8669314980506897,
            "2": 0.5971759557723999
        },
        "1": {
            "0": 0.9892138838768005,
            "1": 0.9544357657432556,
            "2": 0.6809406280517578
        },
        "2": {
            "0": 0.9800618886947632,
            "1": 0.9260002374649048,
            "2": 0.9661617875099182
        }
    }
}