{
    "confidence_score": 0.9619550704956055,
    "ptm": 0.9772912859916687,
    "iptm": 0.9879248738288879,
    "ligand_iptm": 0.9879248738288879,
    "protein_iptm": 0.0,
    "complex_plddt": 0.9554625749588013,
    "complex_iplddt": 0.9541764259338379,
    "complex_pde": 0.33384597301483154,
    "complex_ipde": 0.4159184992313385,
    "chains_ptm": {
        "0": 0.9759566783905029,
        "1": 0.9661822319030762,
        "2": 0.9774266481399536
    },
    "pair_chains_iptm": {
        "0": {
            "0": 0.9759566783905029,
            "1": 0.8581504821777344,
            "2": 0.609938383102417
        },
        "1": {
            "0": 0.9910045266151428,
            "1": 0.9661822319030762,
            "2": 0.7334038019180298
        },
        "2": {
            "0": 0.9760424494743347,
            "1": 0.9268455505371094,
            "2": 0.9774266481399536
        }
    }
}