{
    "confidence_score": 0.9723713994026184,
    "ptm": 0.9820544123649597,
    "iptm": 0.987479031085968,
    "ligand_iptm": 0.987479031085968,
    "protein_iptm": 0.0,
    "complex_plddt": 0.968594491481781,
    "complex_iplddt": 0.966471254825592,
    "complex_pde": 0.31600838899612427,
    "complex_ipde": 0.4117441773414612,
    "chains_ptm": {
        "0": 0.9815300703048706,
        "1": 0.9648294448852539,
        "2": 0.9781032204627991
    },
    "pair_chains_iptm": {
        "0": {
            "0": 0.9815300703048706,
            "1": 0.8715267181396484,
            "2": 0.6379486322402954
        },
        "1": {
            "0": 0.9898225665092468,
            "1": 0.9648294448852539,
            "2": 0.7686405181884766
        },
        "2": {
            "0": 0.9789022207260132,
            "1": 0.9424178600311279,
            "2": 0.9781032204627991
        }
    }
}