{
    "confidence_score": 0.9727765321731567,
    "ptm": 0.9795910120010376,
    "iptm": 0.9875549674034119,
    "ligand_iptm": 0.9875549674034119,
    "protein_iptm": 0.0,
    "complex_plddt": 0.9690819382667542,
    "complex_iplddt": 0.966396152973175,
    "complex_pde": 0.317314475774765,
    "complex_ipde": 0.39553603529930115,
    "chains_ptm": {
        "0": 0.9789683818817139,
        "1": 0.9430347681045532
    },
    "pair_chains_iptm": {
        "0": {
            "0": 0.9789683818817139,
            "1": 0.8549028635025024
        },
        "1": {
            "0": 0.9875549674034119,
            "1": 0.9430347681045532
        }
    }
}