{
    "confidence_score": 0.9227876663208008,
    "ptm": 0.9495538473129272,
    "iptm": 0.9778449535369873,
    "ligand_iptm": 0.9778449535369873,
    "protein_iptm": 0.0,
    "complex_plddt": 0.9090234041213989,
    "complex_iplddt": 0.9179946184158325,
    "complex_pde": 0.4660142958164215,
    "complex_ipde": 0.6212689876556396,
    "chains_ptm": {
        "0": 0.9457606077194214,
        "1": 0.920965313911438
    },
    "pair_chains_iptm": {
        "0": {
            "0": 0.9457606077194214,
            "1": 0.7940223813056946
        },
        "1": {
            "0": 0.9778449535369873,
            "1": 0.920965313911438
        }
    }
}