{
    "confidence_score": 0.9753608703613281,
    "ptm": 0.9847614765167236,
    "iptm": 0.9866306781768799,
    "ligand_iptm": 0.9866306781768799,
    "protein_iptm": 0.0,
    "complex_plddt": 0.9725434184074402,
    "complex_iplddt": 0.9669569134712219,
    "complex_pde": 0.31122419238090515,
    "complex_ipde": 0.4088801145553589,
    "chains_ptm": {
        "0": 0.9847338795661926,
        "1": 0.9643767476081848,
        "2": 0.9730681777000427
    },
    "pair_chains_iptm": {
        "0": {
            "0": 0.9847338795661926,
            "1": 0.857682466506958,
            "2": 0.5989283323287964
        },
        "1": {
            "0": 0.9900429844856262,
            "1": 0.9643767476081848,
            "2": 0.7010293006896973
        },
        "2": {
            "0": 0.9747788310050964,
            "1": 0.8991907835006714,
            "2": 0.9730681777000427
        }
    }
}