{
    "confidence_score": 0.9432106018066406,
    "ptm": 0.9706783294677734,
    "iptm": 0.9831562638282776,
    "ligand_iptm": 0.9831562638282776,
    "protein_iptm": 0.0,
    "complex_plddt": 0.9332242012023926,
    "complex_iplddt": 0.9339457154273987,
    "complex_pde": 0.38383203744888306,
    "complex_ipde": 0.546231210231781,
    "chains_ptm": {
        "0": 0.9694736003875732,
        "1": 0.9268726706504822
    },
    "pair_chains_iptm": {
        "0": {
            "0": 0.9694736003875732,
            "1": 0.7752132415771484
        },
        "1": {
            "0": 0.9831562638282776,
            "1": 0.9268726706504822
        }
    }
}