{
    "confidence_score": 0.954107940196991,
    "ptm": 0.9748822450637817,
    "iptm": 0.986659049987793,
    "ligand_iptm": 0.986659049987793,
    "protein_iptm": 0.0,
    "complex_plddt": 0.9459701776504517,
    "complex_iplddt": 0.9532840251922607,
    "complex_pde": 0.3323618471622467,
    "complex_ipde": 0.40293583273887634,
    "chains_ptm": {
        "0": 0.9737271070480347,
        "1": 0.9323902130126953
    },
    "pair_chains_iptm": {
        "0": {
            "0": 0.9737271070480347,
            "1": 0.8394890427589417
        },
        "1": {
            "0": 0.986659049987793,
            "1": 0.9323902130126953
        }
    }
}