{
    "confidence_score": 0.9551746249198914,
    "ptm": 0.9747345447540283,
    "iptm": 0.986286461353302,
    "ligand_iptm": 0.986286461353302,
    "protein_iptm": 0.0,
    "complex_plddt": 0.9473966956138611,
    "complex_iplddt": 0.9545624256134033,
    "complex_pde": 0.33257022500038147,
    "complex_ipde": 0.4062729775905609,
    "chains_ptm": {
        "0": 0.9736536145210266,
        "1": 0.9288663268089294
    },
    "pair_chains_iptm": {
        "0": {
            "0": 0.9736536145210266,
            "1": 0.8316777944564819
        },
        "1": {
            "0": 0.986286461353302,
            "1": 0.9288663268089294
        }
    }
}