{
    "confidence_score": 0.899239182472229,
    "ptm": 0.9410390853881836,
    "iptm": 0.9896799921989441,
    "ligand_iptm": 0.9896799921989441,
    "protein_iptm": 0.0,
    "complex_plddt": 0.8766289353370667,
    "complex_iplddt": 0.8907160758972168,
    "complex_pde": 0.4621118903160095,
    "complex_ipde": 0.5311051607131958,
    "chains_ptm": {
        "0": 0.9353486895561218,
        "1": 0.9426729083061218
    },
    "pair_chains_iptm": {
        "0": {
            "0": 0.9353486895561218,
            "1": 0.8139288425445557
        },
        "1": {
            "0": 0.9896799921989441,
            "1": 0.9426729083061218
        }
    }
}