{
    "confidence_score": 0.8933510184288025,
    "ptm": 0.9505688548088074,
    "iptm": 0.989468514919281,
    "ligand_iptm": 0.989468514919281,
    "protein_iptm": 0.0,
    "complex_plddt": 0.8693215847015381,
    "complex_iplddt": 0.8891905546188354,
    "complex_pde": 0.4285644292831421,
    "complex_ipde": 0.47779232263565063,
    "chains_ptm": {
        "0": 0.9461033344268799,
        "1": 0.9382659792900085
    },
    "pair_chains_iptm": {
        "0": {
            "0": 0.9461033344268799,
            "1": 0.819503128528595
        },
        "1": {
            "0": 0.989468514919281,
            "1": 0.9382659792900085
        }
    }
}