{
    "confidence_score": 0.957217812538147,
    "ptm": 0.9742187261581421,
    "iptm": 0.9836640357971191,
    "ligand_iptm": 0.9836640357971191,
    "protein_iptm": 0.0,
    "complex_plddt": 0.9506062269210815,
    "complex_iplddt": 0.9559426307678223,
    "complex_pde": 0.3461233675479889,
    "complex_ipde": 0.4672887325286865,
    "chains_ptm": {
        "0": 0.9728330373764038,
        "1": 0.9562408924102783,
        "2": 0.9672896265983582
    },
    "pair_chains_iptm": {
        "0": {
            "0": 0.9728330373764038,
            "1": 0.831282913684845,
            "2": 0.508188009262085
        },
        "1": {
            "0": 0.9885808825492859,
            "1": 0.9562408924102783,
            "2": 0.6301202774047852
        },
        "2": {
            "0": 0.9680126309394836,
            "1": 0.9024443030357361,
            "2": 0.9672896265983582
        }
    }
}