{
    "confidence_score": 0.9748558402061462,
    "ptm": 0.9810534715652466,
    "iptm": 0.9856048226356506,
    "ligand_iptm": 0.9856048226356506,
    "protein_iptm": 0.0,
    "complex_plddt": 0.9721685647964478,
    "complex_iplddt": 0.9741120934486389,
    "complex_pde": 0.32395774126052856,
    "complex_ipde": 0.4327341616153717,
    "chains_ptm": {
        "0": 0.9806604981422424,
        "1": 0.9584422707557678,
        "2": 0.9679732322692871
    },
    "pair_chains_iptm": {
        "0": {
            "0": 0.9806604981422424,
            "1": 0.8264095783233643,
            "2": 0.5190447568893433
        },
        "1": {
            "0": 0.9896257519721985,
            "1": 0.9584422707557678,
            "2": 0.6204363107681274
        },
        "2": {
            "0": 0.9715755581855774,
            "1": 0.8962774276733398,
            "2": 0.9679732322692871
        }
    }
}