{
    "confidence_score": 0.961786687374115,
    "ptm": 0.9762061834335327,
    "iptm": 0.9865058660507202,
    "ligand_iptm": 0.9865058660507202,
    "protein_iptm": 0.0,
    "complex_plddt": 0.9556068778038025,
    "complex_iplddt": 0.9640671610832214,
    "complex_pde": 0.34313637018203735,
    "complex_ipde": 0.4243426024913788,
    "chains_ptm": {
        "0": 0.9748797416687012,
        "1": 0.9591246247291565,
        "2": 0.9692375659942627
    },
    "pair_chains_iptm": {
        "0": {
            "0": 0.9748797416687012,
            "1": 0.8670377731323242,
            "2": 0.5920161008834839
        },
        "1": {
            "0": 0.9901166558265686,
            "1": 0.9591246247291565,
            "2": 0.6811383366584778
        },
        "2": {
            "0": 0.9752354621887207,
            "1": 0.9256967902183533,
            "2": 0.9692375659942627
        }
    }
}