{
    "confidence_score": 0.9355869293212891,
    "ptm": 0.9582952260971069,
    "iptm": 0.9849035143852234,
    "ligand_iptm": 0.9849035143852234,
    "protein_iptm": 0.0,
    "complex_plddt": 0.9232577681541443,
    "complex_iplddt": 0.9187377095222473,
    "complex_pde": 0.4653475284576416,
    "complex_ipde": 0.6175558567047119,
    "chains_ptm": {
        "0": 0.9548442959785461,
        "1": 0.9280528426170349
    },
    "pair_chains_iptm": {
        "0": {
            "0": 0.9548442959785461,
            "1": 0.7659573554992676
        },
        "1": {
            "0": 0.9849035143852234,
            "1": 0.9280528426170349
        }
    }
}