{
    "confidence_score": 0.9706674814224243,
    "ptm": 0.9739851355552673,
    "iptm": 0.985403299331665,
    "ligand_iptm": 0.985403299331665,
    "protein_iptm": 0.0,
    "complex_plddt": 0.9669834971427917,
    "complex_iplddt": 0.9652472138404846,
    "complex_pde": 0.3475177586078644,
    "complex_ipde": 0.4862203598022461,
    "chains_ptm": {
        "0": 0.9727851748466492,
        "1": 0.9446748495101929
    },
    "pair_chains_iptm": {
        "0": {
            "0": 0.9727851748466492,
            "1": 0.7753897309303284
        },
        "1": {
            "0": 0.985403299331665,
            "1": 0.9446748495101929
        }
    }
}