{
    "confidence_score": 0.9704330563545227,
    "ptm": 0.9822201728820801,
    "iptm": 0.9862579107284546,
    "ligand_iptm": 0.9862579107284546,
    "protein_iptm": 0.0,
    "complex_plddt": 0.9664768576622009,
    "complex_iplddt": 0.9689314365386963,
    "complex_pde": 0.324905127286911,
    "complex_ipde": 0.44657087326049805,
    "chains_ptm": {
        "0": 0.9819920659065247,
        "1": 0.9659736156463623,
        "2": 0.9704126119613647
    },
    "pair_chains_iptm": {
        "0": {
            "0": 0.9819920659065247,
            "1": 0.8515641689300537,
            "2": 0.49336257576942444
        },
        "1": {
            "0": 0.9903255105018616,
            "1": 0.9659736156463623,
            "2": 0.6432251334190369
        },
        "2": {
            "0": 0.9671288132667542,
            "1": 0.8964117169380188,
            "2": 0.9704126119613647
        }
    }
}