{
    "confidence_score": 0.9603446125984192,
    "ptm": 0.9800658822059631,
    "iptm": 0.9890901446342468,
    "ligand_iptm": 0.9890901446342468,
    "protein_iptm": 0.0,
    "complex_plddt": 0.9531581997871399,
    "complex_iplddt": 0.9550528526306152,
    "complex_pde": 0.31225717067718506,
    "complex_ipde": 0.3696501851081848,
    "chains_ptm": {
        "0": 0.9790984392166138,
        "1": 0.9481686353683472
    },
    "pair_chains_iptm": {
        "0": {
            "0": 0.9790984392166138,
            "1": 0.8410069346427917
        },
        "1": {
            "0": 0.9890901446342468,
            "1": 0.9481686353683472
        }
    }
}