{
    "confidence_score": 0.966586709022522,
    "ptm": 0.9776241779327393,
    "iptm": 0.9863523840904236,
    "ligand_iptm": 0.9863523840904236,
    "protein_iptm": 0.0,
    "complex_plddt": 0.961645245552063,
    "complex_iplddt": 0.9591888785362244,
    "complex_pde": 0.326262891292572,
    "complex_ipde": 0.4411214292049408,
    "chains_ptm": {
        "0": 0.9763832688331604,
        "1": 0.9477853775024414
    },
    "pair_chains_iptm": {
        "0": {
            "0": 0.9763832688331604,
            "1": 0.8306894898414612
        },
        "1": {
            "0": 0.9863523840904236,
            "1": 0.9477853775024414
        }
    }
}