{
    "confidence_score": 0.9097723364830017,
    "ptm": 0.9502080082893372,
    "iptm": 0.9833964705467224,
    "ligand_iptm": 0.9833964705467224,
    "protein_iptm": 0.0,
    "complex_plddt": 0.8913663029670715,
    "complex_iplddt": 0.9416688084602356,
    "complex_pde": 0.48741477727890015,
    "complex_ipde": 0.475000262260437,
    "chains_ptm": {
        "0": 0.9444737434387207,
        "1": 0.9668582081794739,
        "2": 0.9657817482948303
    },
    "pair_chains_iptm": {
        "0": {
            "0": 0.9444737434387207,
            "1": 0.8252105712890625,
            "2": 0.4529460668563843
        },
        "1": {
            "0": 0.9900822639465332,
            "1": 0.9668582081794739,
            "2": 0.5859350562095642
        },
        "2": {
            "0": 0.9544497132301331,
            "1": 0.8976624011993408,
            "2": 0.9657817482948303
        }
    }
}