{
    "confidence_score": 0.9685482978820801,
    "ptm": 0.9828363060951233,
    "iptm": 0.9857080578804016,
    "ligand_iptm": 0.9857080578804016,
    "protein_iptm": 0.0,
    "complex_plddt": 0.9642583131790161,
    "complex_iplddt": 0.9580875635147095,
    "complex_pde": 0.3271394371986389,
    "complex_ipde": 0.458626389503479,
    "chains_ptm": {
        "0": 0.9826698303222656,
        "1": 0.9579875469207764,
        "2": 0.9674279093742371
    },
    "pair_chains_iptm": {
        "0": {
            "0": 0.9826698303222656,
            "1": 0.8709275126457214,
            "2": 0.4922071099281311
        },
        "1": {
            "0": 0.9901068210601807,
            "1": 0.9579875469207764,
            "2": 0.6516427397727966
        },
        "2": {
            "0": 0.963843584060669,
            "1": 0.9200325012207031,
            "2": 0.9674279093742371
        }
    }
}