{
    "confidence_score": 0.9728143811225891,
    "ptm": 0.9756051898002625,
    "iptm": 0.9860414862632751,
    "ligand_iptm": 0.9860414862632751,
    "protein_iptm": 0.0,
    "complex_plddt": 0.9695075750350952,
    "complex_iplddt": 0.9718717336654663,
    "complex_pde": 0.3299441933631897,
    "complex_ipde": 0.4411976635456085,
    "chains_ptm": {
        "0": 0.9746622443199158,
        "1": 0.9471275806427002
    },
    "pair_chains_iptm": {
        "0": {
            "0": 0.9746622443199158,
            "1": 0.8230332732200623
        },
        "1": {
            "0": 0.9860414862632751,
            "1": 0.9471275806427002
        }
    }
}