{
    "confidence_score": 0.9587612152099609,
    "ptm": 0.9735194444656372,
    "iptm": 0.9880948066711426,
    "ligand_iptm": 0.9880948066711426,
    "protein_iptm": 0.0,
    "complex_plddt": 0.9514278173446655,
    "complex_iplddt": 0.958294153213501,
    "complex_pde": 0.36414575576782227,
    "complex_ipde": 0.4665600657463074,
    "chains_ptm": {
        "0": 0.9717011451721191,
        "1": 0.9493123292922974
    },
    "pair_chains_iptm": {
        "0": {
            "0": 0.9717011451721191,
            "1": 0.8350251913070679
        },
        "1": {
            "0": 0.9880948066711426,
            "1": 0.9493123292922974
        }
    }
}