{
    "confidence_score": 0.9673395156860352,
    "ptm": 0.9699214696884155,
    "iptm": 0.9870462417602539,
    "ligand_iptm": 0.9870462417602539,
    "protein_iptm": 0.0,
    "complex_plddt": 0.9624127745628357,
    "complex_iplddt": 0.9691049456596375,
    "complex_pde": 0.3460441529750824,
    "complex_ipde": 0.4327055513858795,
    "chains_ptm": {
        "0": 0.9681040048599243,
        "1": 0.9437658190727234
    },
    "pair_chains_iptm": {
        "0": {
            "0": 0.9681040048599243,
            "1": 0.8236462473869324
        },
        "1": {
            "0": 0.9870462417602539,
            "1": 0.9437658190727234
        }
    }
}