{
    "confidence_score": 0.9655589461326599,
    "ptm": 0.9802159070968628,
    "iptm": 0.9846981763839722,
    "ligand_iptm": 0.9846981763839722,
    "protein_iptm": 0.0,
    "complex_plddt": 0.9607741236686707,
    "complex_iplddt": 0.9464747309684753,
    "complex_pde": 0.32702720165252686,
    "complex_ipde": 0.4523814618587494,
    "chains_ptm": {
        "0": 0.9794554710388184,
        "1": 0.9552556276321411,
        "2": 0.9716803431510925
    },
    "pair_chains_iptm": {
        "0": {
            "0": 0.9794554710388184,
            "1": 0.8605426549911499,
            "2": 0.5672208666801453
        },
        "1": {
            "0": 0.9892286658287048,
            "1": 0.9552556276321411,
            "2": 0.6877002120018005
        },
        "2": {
            "0": 0.9672195911407471,
            "1": 0.9125654101371765,
            "2": 0.9716803431510925
        }
    }
}