{
    "confidence_score": 0.9716184735298157,
    "ptm": 0.9778984189033508,
    "iptm": 0.9882962703704834,
    "ligand_iptm": 0.9882962703704834,
    "protein_iptm": 0.0,
    "complex_plddt": 0.9674490690231323,
    "complex_iplddt": 0.971896767616272,
    "complex_pde": 0.3152094781398773,
    "complex_ipde": 0.4023878574371338,
    "chains_ptm": {
        "0": 0.9770960807800293,
        "1": 0.9497672915458679
    },
    "pair_chains_iptm": {
        "0": {
            "0": 0.9770960807800293,
            "1": 0.8360620141029358
        },
        "1": {
            "0": 0.9882962703704834,
            "1": 0.9497672915458679
        }
    }
}