{
    "confidence_score": 0.9653555750846863,
    "ptm": 0.9756103157997131,
    "iptm": 0.9880257248878479,
    "ligand_iptm": 0.9880257248878479,
    "protein_iptm": 0.0,
    "complex_plddt": 0.9596880674362183,
    "complex_iplddt": 0.975171685218811,
    "complex_pde": 0.3320101797580719,
    "complex_ipde": 0.39518657326698303,
    "chains_ptm": {
        "0": 0.9739977121353149,
        "1": 0.9485942125320435
    },
    "pair_chains_iptm": {
        "0": {
            "0": 0.9739977121353149,
            "1": 0.8412072062492371
        },
        "1": {
            "0": 0.9880257248878479,
            "1": 0.9485942125320435
        }
    }
}