{
    "confidence_score": 0.9578342437744141,
    "ptm": 0.9693087339401245,
    "iptm": 0.9869385361671448,
    "ligand_iptm": 0.9869385361671448,
    "protein_iptm": 0.0,
    "complex_plddt": 0.9505581259727478,
    "complex_iplddt": 0.9578617215156555,
    "complex_pde": 0.37009403109550476,
    "complex_ipde": 0.49498289823532104,
    "chains_ptm": {
        "0": 0.9669864773750305,
        "1": 0.9459804892539978
    },
    "pair_chains_iptm": {
        "0": {
            "0": 0.9669864773750305,
            "1": 0.7767816185951233
        },
        "1": {
            "0": 0.9869385361671448,
            "1": 0.9459804892539978
        }
    }
}