{
    "confidence_score": 0.9669313430786133,
    "ptm": 0.9743872880935669,
    "iptm": 0.9731375575065613,
    "ligand_iptm": 0.9731375575065613,
    "protein_iptm": 0.0,
    "complex_plddt": 0.9653798341751099,
    "complex_iplddt": 0.9600393176078796,
    "complex_pde": 0.37105023860931396,
    "complex_ipde": 0.5965825915336609,
    "chains_ptm": {
        "0": 0.9749502539634705,
        "1": 0.9121879935264587
    },
    "pair_chains_iptm": {
        "0": {
            "0": 0.9749502539634705,
            "1": 0.7833651900291443
        },
        "1": {
            "0": 0.9731375575065613,
            "1": 0.9121879935264587
        }
    }
}