{
    "confidence_score": 0.9427377581596375,
    "ptm": 0.9491762518882751,
    "iptm": 0.9859055876731873,
    "ligand_iptm": 0.9859055876731873,
    "protein_iptm": 0.0,
    "complex_plddt": 0.9319458603858948,
    "complex_iplddt": 0.9551693201065063,
    "complex_pde": 0.4229806661605835,
    "complex_ipde": 0.5391977429389954,
    "chains_ptm": {
        "0": 0.9443853497505188,
        "1": 0.9436622858047485
    },
    "pair_chains_iptm": {
        "0": {
            "0": 0.9443853497505188,
            "1": 0.7607091665267944
        },
        "1": {
            "0": 0.9859055876731873,
            "1": 0.9436622858047485
        }
    }
}