{
    "confidence_score": 0.9493433237075806,
    "ptm": 0.9645829200744629,
    "iptm": 0.9824714660644531,
    "ligand_iptm": 0.9824714660644531,
    "protein_iptm": 0.0,
    "complex_plddt": 0.9410613179206848,
    "complex_iplddt": 0.9482659101486206,
    "complex_pde": 0.3907603323459625,
    "complex_ipde": 0.5077176690101624,
    "chains_ptm": {
        "0": 0.9620929956436157,
        "1": 0.9183716177940369
    },
    "pair_chains_iptm": {
        "0": {
            "0": 0.9620929956436157,
            "1": 0.7905094623565674
        },
        "1": {
            "0": 0.9824714660644531,
            "1": 0.9183716177940369
        }
    }
}