{
    "confidence_score": 0.9489825367927551,
    "ptm": 0.9678080677986145,
    "iptm": 0.98434978723526,
    "ligand_iptm": 0.98434978723526,
    "protein_iptm": 0.0,
    "complex_plddt": 0.9401407241821289,
    "complex_iplddt": 0.9477468132972717,
    "complex_pde": 0.37839221954345703,
    "complex_ipde": 0.4783458411693573,
    "chains_ptm": {
        "0": 0.9655196666717529,
        "1": 0.9263255596160889
    },
    "pair_chains_iptm": {
        "0": {
            "0": 0.9655196666717529,
            "1": 0.8054609894752502
        },
        "1": {
            "0": 0.98434978723526,
            "1": 0.9263255596160889
        }
    }
}