{
    "confidence_score": 0.9379550814628601,
    "ptm": 0.9706801772117615,
    "iptm": 0.9868123531341553,
    "ligand_iptm": 0.9868123531341553,
    "protein_iptm": 0.0,
    "complex_plddt": 0.9257408380508423,
    "complex_iplddt": 0.9244844317436218,
    "complex_pde": 0.3716679811477661,
    "complex_ipde": 0.4791066646575928,
    "chains_ptm": {
        "0": 0.9685518145561218,
        "1": 0.9482950568199158
    },
    "pair_chains_iptm": {
        "0": {
            "0": 0.9685518145561218,
            "1": 0.8199393153190613
        },
        "1": {
            "0": 0.9868123531341553,
            "1": 0.9482950568199158
        }
    }
}