{
    "confidence_score": 0.9585257768630981,
    "ptm": 0.9782633781433105,
    "iptm": 0.9879760146141052,
    "ligand_iptm": 0.9879760146141052,
    "protein_iptm": 0.0,
    "complex_plddt": 0.9511632323265076,
    "complex_iplddt": 0.9476146101951599,
    "complex_pde": 0.31590205430984497,
    "complex_ipde": 0.3883907198905945,
    "chains_ptm": {
        "0": 0.9773167967796326,
        "1": 0.951654851436615
    },
    "pair_chains_iptm": {
        "0": {
            "0": 0.9773167967796326,
            "1": 0.829919159412384
        },
        "1": {
            "0": 0.9879760146141052,
            "1": 0.951654851436615
        }
    }
}