{
    "confidence_score": 0.9755949378013611,
    "ptm": 0.9824116826057434,
    "iptm": 0.9876039028167725,
    "ligand_iptm": 0.9876039028167725,
    "protein_iptm": 0.0,
    "complex_plddt": 0.9725926518440247,
    "complex_iplddt": 0.9759135842323303,
    "complex_pde": 0.3120081424713135,
    "complex_ipde": 0.3957909941673279,
    "chains_ptm": {
        "0": 0.9819367527961731,
        "1": 0.9671373963356018,
        "2": 0.9742279052734375
    },
    "pair_chains_iptm": {
        "0": {
            "0": 0.9819367527961731,
            "1": 0.8595368266105652,
            "2": 0.5818161964416504
        },
        "1": {
            "0": 0.9911937713623047,
            "1": 0.9671373963356018,
            "2": 0.6623827815055847
        },
        "2": {
            "0": 0.9758992195129395,
            "1": 0.9143911004066467,
            "2": 0.9742279052734375
        }
    }
}