{
    "confidence_score": 0.970905601978302,
    "ptm": 0.9751991033554077,
    "iptm": 0.9868054986000061,
    "ligand_iptm": 0.9868054986000061,
    "protein_iptm": 0.0,
    "complex_plddt": 0.966930627822876,
    "complex_iplddt": 0.9636481404304504,
    "complex_pde": 0.34368187189102173,
    "complex_ipde": 0.47397443652153015,
    "chains_ptm": {
        "0": 0.9741138219833374,
        "1": 0.9456431865692139
    },
    "pair_chains_iptm": {
        "0": {
            "0": 0.9741138219833374,
            "1": 0.8111346960067749
        },
        "1": {
            "0": 0.9868054986000061,
            "1": 0.9456431865692139
        }
    }
}