{
    "confidence_score": 0.9686813354492188,
    "ptm": 0.9807847142219543,
    "iptm": 0.9859253168106079,
    "ligand_iptm": 0.9859253168106079,
    "protein_iptm": 0.0,
    "complex_plddt": 0.9643703699111938,
    "complex_iplddt": 0.9631363153457642,
    "complex_pde": 0.3261948227882385,
    "complex_ipde": 0.4259756803512573,
    "chains_ptm": {
        "0": 0.980278730392456,
        "1": 0.9598867893218994,
        "2": 0.968654453754425
    },
    "pair_chains_iptm": {
        "0": {
            "0": 0.980278730392456,
            "1": 0.8361725211143494,
            "2": 0.5071623921394348
        },
        "1": {
            "0": 0.98983234167099,
            "1": 0.9598867893218994,
            "2": 0.6086446642875671
        },
        "2": {
            "0": 0.9734503626823425,
            "1": 0.8977836966514587,
            "2": 0.968654453754425
        }
    }
}