{
    "confidence_score": 0.9387419819831848,
    "ptm": 0.9580358266830444,
    "iptm": 0.9843854308128357,
    "ligand_iptm": 0.9843854308128357,
    "protein_iptm": 0.0,
    "complex_plddt": 0.9273311495780945,
    "complex_iplddt": 0.9526930451393127,
    "complex_pde": 0.4165738523006439,
    "complex_ipde": 0.47044214606285095,
    "chains_ptm": {
        "0": 0.9543060064315796,
        "1": 0.9289394617080688
    },
    "pair_chains_iptm": {
        "0": {
            "0": 0.9543060064315796,
            "1": 0.8132869005203247
        },
        "1": {
            "0": 0.9843854308128357,
            "1": 0.9289394617080688
        }
    }
}