{
    "confidence_score": 0.93669193983078,
    "ptm": 0.9709198474884033,
    "iptm": 0.98236483335495,
    "ligand_iptm": 0.98236483335495,
    "protein_iptm": 0.0,
    "complex_plddt": 0.9252737760543823,
    "complex_iplddt": 0.9394460320472717,
    "complex_pde": 0.40265709161758423,
    "complex_ipde": 0.5672665238380432,
    "chains_ptm": {
        "0": 0.9694458246231079,
        "1": 0.9417873620986938,
        "2": 0.9724288582801819
    },
    "pair_chains_iptm": {
        "0": {
            "0": 0.9694458246231079,
            "1": 0.8433336019515991,
            "2": 0.542104184627533
        },
        "1": {
            "0": 0.9867530465126038,
            "1": 0.9417873620986938,
            "2": 0.6965119242668152
        },
        "2": {
            "0": 0.9631325006484985,
            "1": 0.9174659252166748,
            "2": 0.9724288582801819
        }
    }
}