{
    "confidence_score": 0.9732391238212585,
    "ptm": 0.980569064617157,
    "iptm": 0.9841268062591553,
    "ligand_iptm": 0.9841268062591553,
    "protein_iptm": 0.0,
    "complex_plddt": 0.9705172181129456,
    "complex_iplddt": 0.9718448519706726,
    "complex_pde": 0.3334875702857971,
    "complex_ipde": 0.4760432839393616,
    "chains_ptm": {
        "0": 0.9804372191429138,
        "1": 0.9597758650779724,
        "2": 0.9682636857032776
    },
    "pair_chains_iptm": {
        "0": {
            "0": 0.9804372191429138,
            "1": 0.8243634700775146,
            "2": 0.49161016941070557
        },
        "1": {
            "0": 0.9891017079353333,
            "1": 0.9597758650779724,
            "2": 0.6330932974815369
        },
        "2": {
            "0": 0.9646589756011963,
            "1": 0.8858655691146851,
            "2": 0.9682636857032776
        }
    }
}