{
    "confidence_score": 0.9566892981529236,
    "ptm": 0.9590923190116882,
    "iptm": 0.9876139163970947,
    "ligand_iptm": 0.9876139163970947,
    "protein_iptm": 0.0,
    "complex_plddt": 0.9489580392837524,
    "complex_iplddt": 0.9654721021652222,
    "complex_pde": 0.34910130500793457,
    "complex_ipde": 0.42091822624206543,
    "chains_ptm": {
        "0": 0.955443263053894,
        "1": 0.9369109869003296
    },
    "pair_chains_iptm": {
        "0": {
            "0": 0.955443263053894,
            "1": 0.8401722311973572
        },
        "1": {
            "0": 0.9876139163970947,
            "1": 0.9369109869003296
        }
    }
}