{
    "confidence_score": 0.9532313346862793,
    "ptm": 0.9581592082977295,
    "iptm": 0.9861886501312256,
    "ligand_iptm": 0.9861886501312256,
    "protein_iptm": 0.0,
    "complex_plddt": 0.9449920058250427,
    "complex_iplddt": 0.9628506302833557,
    "complex_pde": 0.3558884859085083,
    "complex_ipde": 0.43813684582710266,
    "chains_ptm": {
        "0": 0.9546747207641602,
        "1": 0.9289936423301697
    },
    "pair_chains_iptm": {
        "0": {
            "0": 0.9546747207641602,
            "1": 0.8294708728790283
        },
        "1": {
            "0": 0.9861886501312256,
            "1": 0.9289936423301697
        }
    }
}