{
    "confidence_score": 0.9733034372329712,
    "ptm": 0.9867841005325317,
    "iptm": 0.9852187037467957,
    "ligand_iptm": 0.9852187037467957,
    "protein_iptm": 0.0,
    "complex_plddt": 0.9703245759010315,
    "complex_iplddt": 0.9663843512535095,
    "complex_pde": 0.30502551794052124,
    "complex_ipde": 0.430396169424057,
    "chains_ptm": {
        "0": 0.9873237609863281,
        "1": 0.9747282862663269,
        "2": 0.9667348265647888
    },
    "pair_chains_iptm": {
        "0": {
            "0": 0.9873237609863281,
            "1": 0.8905819654464722,
            "2": 0.44973430037498474
        },
        "1": {
            "0": 0.9934120178222656,
            "1": 0.9747282862663269,
            "2": 0.5485153198242188
        },
        "2": {
            "0": 0.9483748078346252,
            "1": 0.9061447978019714,
            "2": 0.9667348265647888
        }
    }
}