{
    "confidence_score": 0.9009925127029419,
    "ptm": 0.9506692290306091,
    "iptm": 0.9851875305175781,
    "ligand_iptm": 0.9851875305175781,
    "protein_iptm": 0.0,
    "complex_plddt": 0.8799437284469604,
    "complex_iplddt": 0.9265897870063782,
    "complex_pde": 0.4574483335018158,
    "complex_ipde": 0.4837739169597626,
    "chains_ptm": {
        "0": 0.9459608793258667,
        "1": 0.9593703746795654,
        "2": 0.9772616624832153
    },
    "pair_chains_iptm": {
        "0": {
            "0": 0.9459608793258667,
            "1": 0.8062387108802795,
            "2": 0.5616115927696228
        },
        "1": {
            "0": 0.9886391162872314,
            "1": 0.9593703746795654,
            "2": 0.6705140471458435
        },
        "2": {
            "0": 0.9736010432243347,
            "1": 0.8953458070755005,
            "2": 0.9772616624832153
        }
    }
}