{
    "confidence_score": 0.9604724049568176,
    "ptm": 0.9744073152542114,
    "iptm": 0.9848971962928772,
    "ligand_iptm": 0.9848971962928772,
    "protein_iptm": 0.0,
    "complex_plddt": 0.954366147518158,
    "complex_iplddt": 0.9536930322647095,
    "complex_pde": 0.3439646065235138,
    "complex_ipde": 0.472378671169281,
    "chains_ptm": {
        "0": 0.9730020761489868,
        "1": 0.9391357898712158
    },
    "pair_chains_iptm": {
        "0": {
            "0": 0.9730020761489868,
            "1": 0.775103747844696
        },
        "1": {
            "0": 0.9848971962928772,
            "1": 0.9391357898712158
        }
    }
}