{
    "confidence_score": 0.9612526893615723,
    "ptm": 0.9679944515228271,
    "iptm": 0.9856841564178467,
    "ligand_iptm": 0.9856841564178467,
    "protein_iptm": 0.0,
    "complex_plddt": 0.9551448225975037,
    "complex_iplddt": 0.9643873572349548,
    "complex_pde": 0.34350723028182983,
    "complex_ipde": 0.4429783225059509,
    "chains_ptm": {
        "0": 0.9660980701446533,
        "1": 0.9335941076278687
    },
    "pair_chains_iptm": {
        "0": {
            "0": 0.9660980701446533,
            "1": 0.8336009979248047
        },
        "1": {
            "0": 0.9856841564178467,
            "1": 0.9335941076278687
        }
    }
}