{
    "confidence_score": 0.9621855616569519,
    "ptm": 0.9787514209747314,
    "iptm": 0.9842306971549988,
    "ligand_iptm": 0.9842306971549988,
    "protein_iptm": 0.0,
    "complex_plddt": 0.9566742777824402,
    "complex_iplddt": 0.9382506608963013,
    "complex_pde": 0.33752116560935974,
    "complex_ipde": 0.46015599370002747,
    "chains_ptm": {
        "0": 0.9781724214553833,
        "1": 0.9608950018882751,
        "2": 0.9730848073959351
    },
    "pair_chains_iptm": {
        "0": {
            "0": 0.9781724214553833,
            "1": 0.8315654993057251,
            "2": 0.5876851081848145
        },
        "1": {
            "0": 0.9882931113243103,
            "1": 0.9608950018882751,
            "2": 0.7122639417648315
        },
        "2": {
            "0": 0.9694042801856995,
            "1": 0.8902959823608398,
            "2": 0.9730848073959351
        }
    }
}