{
    "confidence_score": 0.973453164100647,
    "ptm": 0.9804506301879883,
    "iptm": 0.9839357137680054,
    "ligand_iptm": 0.9839357137680054,
    "protein_iptm": 0.0,
    "complex_plddt": 0.9708325266838074,
    "complex_iplddt": 0.9661176800727844,
    "complex_pde": 0.33005228638648987,
    "complex_ipde": 0.4593406021595001,
    "chains_ptm": {
        "0": 0.9800848960876465,
        "1": 0.9512854814529419,
        "2": 0.9658135771751404
    },
    "pair_chains_iptm": {
        "0": {
            "0": 0.9800848960876465,
            "1": 0.811428964138031,
            "2": 0.47494515776634216
        },
        "1": {
            "0": 0.9887623190879822,
            "1": 0.9512854814529419,
            "2": 0.5706110000610352
        },
        "2": {
            "0": 0.9663033485412598,
            "1": 0.8741939663887024,
            "2": 0.9658135771751404
        }
    }
}