{
    "confidence_score": 0.9795185923576355,
    "ptm": 0.990517795085907,
    "iptm": 0.9913755059242249,
    "ligand_iptm": 0.9913755059242249,
    "protein_iptm": 0.0,
    "complex_plddt": 0.9765543341636658,
    "complex_iplddt": 0.9797461032867432,
    "complex_pde": 0.28658759593963623,
    "complex_ipde": 0.34806540608406067,
    "chains_ptm": {
        "0": 0.9904065132141113,
        "1": 0.9754846096038818,
        "2": 0.9696462750434875
    },
    "pair_chains_iptm": {
        "0": {
            "0": 0.9904065132141113,
            "1": 0.9141603708267212,
            "2": 0.645538866519928
        },
        "1": {
            "0": 0.9938026070594788,
            "1": 0.9754846096038818,
            "2": 0.7654229402542114
        },
        "2": {
            "0": 0.9830940365791321,
            "1": 0.9561673998832703,
            "2": 0.9696462750434875
        }
    }
}