{
    "confidence_score": 0.9783792495727539,
    "ptm": 0.9834948182106018,
    "iptm": 0.9857732653617859,
    "ligand_iptm": 0.9857732653617859,
    "protein_iptm": 0.0,
    "complex_plddt": 0.9765307307243347,
    "complex_iplddt": 0.9776054620742798,
    "complex_pde": 0.3103020191192627,
    "complex_ipde": 0.4225645363330841,
    "chains_ptm": {
        "0": 0.9835683107376099,
        "1": 0.9604349732398987,
        "2": 0.9666776061058044
    },
    "pair_chains_iptm": {
        "0": {
            "0": 0.9835683107376099,
            "1": 0.8322389125823975,
            "2": 0.5125383734703064
        },
        "1": {
            "0": 0.9899764657020569,
            "1": 0.9604349732398987,
            "2": 0.5985768437385559
        },
        "2": {
            "0": 0.9704034924507141,
            "1": 0.8907043933868408,
            "2": 0.9666776061058044
        }
    }
}