{
    "confidence_score": 0.9699550867080688,
    "ptm": 0.9787813425064087,
    "iptm": 0.9855878353118896,
    "ligand_iptm": 0.9855878353118896,
    "protein_iptm": 0.0,
    "complex_plddt": 0.966046929359436,
    "complex_iplddt": 0.9639705419540405,
    "complex_pde": 0.3344515562057495,
    "complex_ipde": 0.4323459267616272,
    "chains_ptm": {
        "0": 0.9781296849250793,
        "1": 0.9530705213546753,
        "2": 0.9713693261146545
    },
    "pair_chains_iptm": {
        "0": {
            "0": 0.9781296849250793,
            "1": 0.8144878149032593,
            "2": 0.5847449898719788
        },
        "1": {
            "0": 0.9890099167823792,
            "1": 0.9530705213546753,
            "2": 0.6790857315063477
        },
        "2": {
            "0": 0.9748645424842834,
            "1": 0.8910685777664185,
            "2": 0.9713693261146545
        }
    }
}