{
    "confidence_score": 0.9552589654922485,
    "ptm": 0.9696860909461975,
    "iptm": 0.9859416484832764,
    "ligand_iptm": 0.9859416484832764,
    "protein_iptm": 0.0,
    "complex_plddt": 0.9475882649421692,
    "complex_iplddt": 0.946243941783905,
    "complex_pde": 0.35979577898979187,
    "complex_ipde": 0.46250540018081665,
    "chains_ptm": {
        "0": 0.9679035544395447,
        "1": 0.9469367265701294
    },
    "pair_chains_iptm": {
        "0": {
            "0": 0.9679035544395447,
            "1": 0.7860844731330872
        },
        "1": {
            "0": 0.9859416484832764,
            "1": 0.9469367265701294
        }
    }
}