{
    "confidence_score": 0.9738176465034485,
    "ptm": 0.9833177924156189,
    "iptm": 0.9866266250610352,
    "ligand_iptm": 0.9866266250610352,
    "protein_iptm": 0.0,
    "complex_plddt": 0.9706154465675354,
    "complex_iplddt": 0.9687877893447876,
    "complex_pde": 0.3106106221675873,
    "complex_ipde": 0.4102382957935333,
    "chains_ptm": {
        "0": 0.9831954836845398,
        "1": 0.9625597596168518,
        "2": 0.9700721502304077
    },
    "pair_chains_iptm": {
        "0": {
            "0": 0.9831954836845398,
            "1": 0.8512046337127686,
            "2": 0.5436809659004211
        },
        "1": {
            "0": 0.990446150302887,
            "1": 0.9625597596168518,
            "2": 0.6263728737831116
        },
        "2": {
            "0": 0.9721201062202454,
            "1": 0.9056076407432556,
            "2": 0.9700721502304077
        }
    }
}