{
    "confidence_score": 0.960517406463623,
    "ptm": 0.976166844367981,
    "iptm": 0.9847587943077087,
    "ligand_iptm": 0.9847587943077087,
    "protein_iptm": 0.0,
    "complex_plddt": 0.9544570446014404,
    "complex_iplddt": 0.9605122804641724,
    "complex_pde": 0.3473118841648102,
    "complex_ipde": 0.4592128396034241,
    "chains_ptm": {
        "0": 0.9747216105461121,
        "1": 0.9452527761459351,
        "2": 0.9738795161247253
    },
    "pair_chains_iptm": {
        "0": {
            "0": 0.9747216105461121,
            "1": 0.8325674533843994,
            "2": 0.6657756567001343
        },
        "1": {
            "0": 0.986781656742096,
            "1": 0.9452527761459351,
            "2": 0.7928014397621155
        },
        "2": {
            "0": 0.978364109992981,
            "1": 0.9301585555076599,
            "2": 0.9738795161247253
        }
    }
}