{
    "confidence_score": 0.9426957964897156,
    "ptm": 0.942112147808075,
    "iptm": 0.9880053997039795,
    "ligand_iptm": 0.9880053997039795,
    "protein_iptm": 0.0,
    "complex_plddt": 0.931368350982666,
    "complex_iplddt": 0.9443075656890869,
    "complex_pde": 0.386505663394928,
    "complex_ipde": 0.4627727270126343,
    "chains_ptm": {
        "0": 0.9359568357467651,
        "1": 0.9381457567214966
    },
    "pair_chains_iptm": {
        "0": {
            "0": 0.9359568357467651,
            "1": 0.7861737608909607
        },
        "1": {
            "0": 0.9880053997039795,
            "1": 0.9381457567214966
        }
    }
}