{
    "confidence_score": 0.9417726397514343,
    "ptm": 0.9411986470222473,
    "iptm": 0.9880076050758362,
    "ligand_iptm": 0.9880076050758362,
    "protein_iptm": 0.0,
    "complex_plddt": 0.9302139282226562,
    "complex_iplddt": 0.9419124126434326,
    "complex_pde": 0.38868990540504456,
    "complex_ipde": 0.4555521607398987,
    "chains_ptm": {
        "0": 0.9348935484886169,
        "1": 0.936128556728363
    },
    "pair_chains_iptm": {
        "0": {
            "0": 0.9348935484886169,
            "1": 0.8081175684928894
        },
        "1": {
            "0": 0.9880076050758362,
            "1": 0.936128556728363
        }
    }
}