{
    "confidence_score": 0.9641714096069336,
    "ptm": 0.9767964482307434,
    "iptm": 0.9870782494544983,
    "ligand_iptm": 0.9870782494544983,
    "protein_iptm": 0.0,
    "complex_plddt": 0.9584446549415588,
    "complex_iplddt": 0.9663090705871582,
    "complex_pde": 0.3383106291294098,
    "complex_ipde": 0.43737268447875977,
    "chains_ptm": {
        "0": 0.9758084416389465,
        "1": 0.946626603603363
    },
    "pair_chains_iptm": {
        "0": {
            "0": 0.9758084416389465,
            "1": 0.8052985668182373
        },
        "1": {
            "0": 0.9870782494544983,
            "1": 0.946626603603363
        }
    }
}