{
    "confidence_score": 0.9641745686531067,
    "ptm": 0.9724999070167542,
    "iptm": 0.9853162169456482,
    "ligand_iptm": 0.9853162169456482,
    "protein_iptm": 0.0,
    "complex_plddt": 0.9588891863822937,
    "complex_iplddt": 0.9578580260276794,
    "complex_pde": 0.35522523522377014,
    "complex_ipde": 0.4945825934410095,
    "chains_ptm": {
        "0": 0.9713476896286011,
        "1": 0.9314466714859009
    },
    "pair_chains_iptm": {
        "0": {
            "0": 0.9713476896286011,
            "1": 0.7713896632194519
        },
        "1": {
            "0": 0.9853162169456482,
            "1": 0.9314466714859009
        }
    }
}