{
    "confidence_score": 0.965075671672821,
    "ptm": 0.9721472263336182,
    "iptm": 0.98537278175354,
    "ligand_iptm": 0.98537278175354,
    "protein_iptm": 0.0,
    "complex_plddt": 0.9600014686584473,
    "complex_iplddt": 0.9604859352111816,
    "complex_pde": 0.3566054403781891,
    "complex_ipde": 0.4998472034931183,
    "chains_ptm": {
        "0": 0.9710520505905151,
        "1": 0.9263414740562439
    },
    "pair_chains_iptm": {
        "0": {
            "0": 0.9710520505905151,
            "1": 0.813450276851654
        },
        "1": {
            "0": 0.98537278175354,
            "1": 0.9263414740562439
        }
    }
}