{
    "confidence_score": 0.96661776304245,
    "ptm": 0.9764649868011475,
    "iptm": 0.9871447086334229,
    "ligand_iptm": 0.9871447086334229,
    "protein_iptm": 0.0,
    "complex_plddt": 0.9614861011505127,
    "complex_iplddt": 0.9602588415145874,
    "complex_pde": 0.32109278440475464,
    "complex_ipde": 0.4115021824836731,
    "chains_ptm": {
        "0": 0.9754850268363953,
        "1": 0.9423305988311768
    },
    "pair_chains_iptm": {
        "0": {
            "0": 0.9754850268363953,
            "1": 0.8126073479652405
        },
        "1": {
            "0": 0.9871447086334229,
            "1": 0.9423305988311768
        }
    }
}