{
    "confidence_score": 0.9465118646621704,
    "ptm": 0.9563025832176208,
    "iptm": 0.9857737421989441,
    "ligand_iptm": 0.9857737421989441,
    "protein_iptm": 0.0,
    "complex_plddt": 0.9366964101791382,
    "complex_iplddt": 0.9533000588417053,
    "complex_pde": 0.37219032645225525,
    "complex_ipde": 0.4617730677127838,
    "chains_ptm": {
        "0": 0.9522435069084167,
        "1": 0.9241321086883545
    },
    "pair_chains_iptm": {
        "0": {
            "0": 0.9522435069084167,
            "1": 0.8221878409385681
        },
        "1": {
            "0": 0.9857737421989441,
            "1": 0.9241321086883545
        }
    }
}