{
    "confidence_score": 0.9444182515144348,
    "ptm": 0.9571205377578735,
    "iptm": 0.9849739670753479,
    "ligand_iptm": 0.9849739670753479,
    "protein_iptm": 0.0,
    "complex_plddt": 0.9342792630195618,
    "complex_iplddt": 0.9488927721977234,
    "complex_pde": 0.3691613972187042,
    "complex_ipde": 0.45970892906188965,
    "chains_ptm": {
        "0": 0.9533242583274841,
        "1": 0.9241771101951599
    },
    "pair_chains_iptm": {
        "0": {
            "0": 0.9533242583274841,
            "1": 0.8218190670013428
        },
        "1": {
            "0": 0.9849739670753479,
            "1": 0.9241771101951599
        }
    }
}