{
    "confidence_score": 0.962096631526947,
    "ptm": 0.974784255027771,
    "iptm": 0.982867956161499,
    "ligand_iptm": 0.982867956161499,
    "protein_iptm": 0.0,
    "complex_plddt": 0.9569037556648254,
    "complex_iplddt": 0.9582305550575256,
    "complex_pde": 0.35050782561302185,
    "complex_ipde": 0.4636758863925934,
    "chains_ptm": {
        "0": 0.9735758304595947,
        "1": 0.9327356815338135,
        "2": 0.9745664000511169
    },
    "pair_chains_iptm": {
        "0": {
            "0": 0.9735758304595947,
            "1": 0.7883975505828857,
            "2": 0.657148540019989
        },
        "1": {
            "0": 0.9844757914543152,
            "1": 0.9327356815338135,
            "2": 0.7804003953933716
        },
        "2": {
            "0": 0.9802229404449463,
            "1": 0.9142897725105286,
            "2": 0.9745664000511169
        }
    }
}