{
    "confidence_score": 0.9671890139579773,
    "ptm": 0.9799641966819763,
    "iptm": 0.987018883228302,
    "ligand_iptm": 0.987018883228302,
    "protein_iptm": 0.0,
    "complex_plddt": 0.9622315168380737,
    "complex_iplddt": 0.9565083980560303,
    "complex_pde": 0.30904048681259155,
    "complex_ipde": 0.39703109860420227,
    "chains_ptm": {
        "0": 0.9795263409614563,
        "1": 0.944795548915863
    },
    "pair_chains_iptm": {
        "0": {
            "0": 0.9795263409614563,
            "1": 0.8138085603713989
        },
        "1": {
            "0": 0.987018883228302,
            "1": 0.944795548915863
        }
    }
}