{
    "confidence_score": 0.9513130187988281,
    "ptm": 0.9692432880401611,
    "iptm": 0.9855182766914368,
    "ligand_iptm": 0.9855182766914368,
    "protein_iptm": 0.0,
    "complex_plddt": 0.9427616596221924,
    "complex_iplddt": 0.9603134989738464,
    "complex_pde": 0.3809297978878021,
    "complex_ipde": 0.4637916088104248,
    "chains_ptm": {
        "0": 0.9665300250053406,
        "1": 0.9538621306419373,
        "2": 0.9749966859817505
    },
    "pair_chains_iptm": {
        "0": {
            "0": 0.9665300250053406,
            "1": 0.8579826354980469,
            "2": 0.6065876483917236
        },
        "1": {
            "0": 0.9890568256378174,
            "1": 0.9538621306419373,
            "2": 0.7566676139831543
        },
        "2": {
            "0": 0.9716699719429016,
            "1": 0.9291316866874695,
            "2": 0.9749966859817505
        }
    }
}