{
    "confidence_score": 0.9353155493736267,
    "ptm": 0.965403139591217,
    "iptm": 0.9642822742462158,
    "ligand_iptm": 0.9642822742462158,
    "protein_iptm": 0.0,
    "complex_plddt": 0.9280737638473511,
    "complex_iplddt": 0.8813251852989197,
    "complex_pde": 0.36923789978027344,
    "complex_ipde": 0.6268001794815063,
    "chains_ptm": {
        "0": 0.967166006565094,
        "1": 0.8910495638847351
    },
    "pair_chains_iptm": {
        "0": {
            "0": 0.967166006565094,
            "1": 0.7878337502479553
        },
        "1": {
            "0": 0.9642822742462158,
            "1": 0.8910495638847351
        }
    }
}