{
    "confidence_score": 0.9597110748291016,
    "ptm": 0.9737493395805359,
    "iptm": 0.9842222332954407,
    "ligand_iptm": 0.9842222332954407,
    "protein_iptm": 0.0,
    "complex_plddt": 0.953583300113678,
    "complex_iplddt": 0.9590063095092773,
    "complex_pde": 0.3629131317138672,
    "complex_ipde": 0.4635881185531616,
    "chains_ptm": {
        "0": 0.9721918106079102,
        "1": 0.9614613056182861,
        "2": 0.9654722809791565
    },
    "pair_chains_iptm": {
        "0": {
            "0": 0.9721918106079102,
            "1": 0.8369385600090027,
            "2": 0.45445725321769714
        },
        "1": {
            "0": 0.9899427890777588,
            "1": 0.9614613056182861,
            "2": 0.5764186382293701
        },
        "2": {
            "0": 0.9578143954277039,
            "1": 0.8800469636917114,
            "2": 0.9654722809791565
        }
    }
}