{
    "confidence_score": 0.9583593606948853,
    "ptm": 0.9839338064193726,
    "iptm": 0.9872801303863525,
    "ligand_iptm": 0.9872801303863525,
    "protein_iptm": 0.0,
    "complex_plddt": 0.9511290788650513,
    "complex_iplddt": 0.9505869150161743,
    "complex_pde": 0.3078462779521942,
    "complex_ipde": 0.38820451498031616,
    "chains_ptm": {
        "0": 0.9838628768920898,
        "1": 0.9692025780677795,
        "2": 0.9660432934761047
    },
    "pair_chains_iptm": {
        "0": {
            "0": 0.9838628768920898,
            "1": 0.8949257731437683,
            "2": 0.5266268849372864
        },
        "1": {
            "0": 0.9918856620788574,
            "1": 0.9692025780677795,
            "2": 0.5963641405105591
        },
        "2": {
            "0": 0.9713298082351685,
            "1": 0.9284973740577698,
            "2": 0.9660432934761047
        }
    }
}