{
    "confidence_score": 0.9658419489860535,
    "ptm": 0.9794653654098511,
    "iptm": 0.9838598966598511,
    "ligand_iptm": 0.9838598966598511,
    "protein_iptm": 0.0,
    "complex_plddt": 0.9613374471664429,
    "complex_iplddt": 0.9531875848770142,
    "complex_pde": 0.3407055139541626,
    "complex_ipde": 0.4860842525959015,
    "chains_ptm": {
        "0": 0.9792141914367676,
        "1": 0.9606977105140686,
        "2": 0.966830313205719
    },
    "pair_chains_iptm": {
        "0": {
            "0": 0.9792141914367676,
            "1": 0.8474975824356079,
            "2": 0.4892735183238983
        },
        "1": {
            "0": 0.9890785813331604,
            "1": 0.9606977105140686,
            "2": 0.6596511006355286
        },
        "2": {
            "0": 0.9608713984489441,
            "1": 0.902772068977356,
            "2": 0.966830313205719
        }
    }
}