{
    "confidence_score": 0.9729589819908142,
    "ptm": 0.9775583744049072,
    "iptm": 0.9873246550559998,
    "ligand_iptm": 0.9873246550559998,
    "protein_iptm": 0.0,
    "complex_plddt": 0.9693675637245178,
    "complex_iplddt": 0.9715576171875,
    "complex_pde": 0.3251838982105255,
    "complex_ipde": 0.4044656455516815,
    "chains_ptm": {
        "0": 0.9769042730331421,
        "1": 0.9392521381378174
    },
    "pair_chains_iptm": {
        "0": {
            "0": 0.9769042730331421,
            "1": 0.8495941758155823
        },
        "1": {
            "0": 0.9873246550559998,
            "1": 0.9392521381378174
        }
    }
}