{
    "confidence_score": 0.9760937690734863,
    "ptm": 0.980901300907135,
    "iptm": 0.9850924611091614,
    "ligand_iptm": 0.9850924611091614,
    "protein_iptm": 0.0,
    "complex_plddt": 0.9738441109657288,
    "complex_iplddt": 0.9671463966369629,
    "complex_pde": 0.3250167965888977,
    "complex_ipde": 0.44666925072669983,
    "chains_ptm": {
        "0": 0.9807180762290955,
        "1": 0.9587991237640381,
        "2": 0.9654346704483032
    },
    "pair_chains_iptm": {
        "0": {
            "0": 0.9807180762290955,
            "1": 0.8344340920448303,
            "2": 0.49532103538513184
        },
        "1": {
            "0": 0.9895930290222168,
            "1": 0.9587991237640381,
            "2": 0.5857797861099243
        },
        "2": {
            "0": 0.9673435688018799,
            "1": 0.8914276957511902,
            "2": 0.9654346704483032
        }
    }
}