{
    "confidence_score": 0.9629784822463989,
    "ptm": 0.9782945513725281,
    "iptm": 0.9838877320289612,
    "ligand_iptm": 0.9838877320289612,
    "protein_iptm": 0.0,
    "complex_plddt": 0.9577510952949524,
    "complex_iplddt": 0.9491087794303894,
    "complex_pde": 0.34695711731910706,
    "complex_ipde": 0.5163599848747253,
    "chains_ptm": {
        "0": 0.9775469899177551,
        "1": 0.9614272117614746,
        "2": 0.9656995534896851
    },
    "pair_chains_iptm": {
        "0": {
            "0": 0.9775469899177551,
            "1": 0.8396995067596436,
            "2": 0.43692734837532043
        },
        "1": {
            "0": 0.9900364279747009,
            "1": 0.9614272117614746,
            "2": 0.5562025904655457
        },
        "2": {
            "0": 0.955898106098175,
            "1": 0.8775177001953125,
            "2": 0.9656995534896851
        }
    }
}