{
    "confidence_score": 0.9655060172080994,
    "ptm": 0.9812487959861755,
    "iptm": 0.9857262969017029,
    "ligand_iptm": 0.9857262969017029,
    "protein_iptm": 0.0,
    "complex_plddt": 0.9604509472846985,
    "complex_iplddt": 0.9534392356872559,
    "complex_pde": 0.33383703231811523,
    "complex_ipde": 0.4661215543746948,
    "chains_ptm": {
        "0": 0.9807631373405457,
        "1": 0.960601270198822,
        "2": 0.9689382314682007
    },
    "pair_chains_iptm": {
        "0": {
            "0": 0.9807631373405457,
            "1": 0.8853626847267151,
            "2": 0.48404744267463684
        },
        "1": {
            "0": 0.9917184710502625,
            "1": 0.960601270198822,
            "2": 0.6226587295532227
        },
        "2": {
            "0": 0.9610894918441772,
            "1": 0.9219588041305542,
            "2": 0.9689382314682007
        }
    }
}