{
    "confidence_score": 0.9770786166191101,
    "ptm": 0.9786686301231384,
    "iptm": 0.9862003922462463,
    "ligand_iptm": 0.9862003922462463,
    "protein_iptm": 0.0,
    "complex_plddt": 0.9747982025146484,
    "complex_iplddt": 0.9747911691665649,
    "complex_pde": 0.32423654198646545,
    "complex_ipde": 0.4303668737411499,
    "chains_ptm": {
        "0": 0.9777228832244873,
        "1": 0.9340966939926147
    },
    "pair_chains_iptm": {
        "0": {
            "0": 0.9777228832244873,
            "1": 0.7968894839286804
        },
        "1": {
            "0": 0.9862003922462463,
            "1": 0.9340966939926147
        }
    }
}