{
    "confidence_score": 0.9767622351646423,
    "ptm": 0.9777554869651794,
    "iptm": 0.9856428503990173,
    "ligand_iptm": 0.9856428503990173,
    "protein_iptm": 0.0,
    "complex_plddt": 0.9745420813560486,
    "complex_iplddt": 0.9743757247924805,
    "complex_pde": 0.32812365889549255,
    "complex_ipde": 0.436225026845932,
    "chains_ptm": {
        "0": 0.9767517447471619,
        "1": 0.9343904852867126
    },
    "pair_chains_iptm": {
        "0": {
            "0": 0.9767517447471619,
            "1": 0.7907282710075378
        },
        "1": {
            "0": 0.9856428503990173,
            "1": 0.9343904852867126
        }
    }
}