{
    "confidence_score": 0.974092960357666,
    "ptm": 0.9835121631622314,
    "iptm": 0.9857257604598999,
    "ligand_iptm": 0.9857257604598999,
    "protein_iptm": 0.0,
    "complex_plddt": 0.9711847305297852,
    "complex_iplddt": 0.9672461748123169,
    "complex_pde": 0.31297633051872253,
    "complex_ipde": 0.4250207245349884,
    "chains_ptm": {
        "0": 0.9835635423660278,
        "1": 0.9621049761772156,
        "2": 0.9657134413719177
    },
    "pair_chains_iptm": {
        "0": {
            "0": 0.9835635423660278,
            "1": 0.8501468896865845,
            "2": 0.4866306185722351
        },
        "1": {
            "0": 0.9906635284423828,
            "1": 0.9621049761772156,
            "2": 0.5783134698867798
        },
        "2": {
            "0": 0.9678114056587219,
            "1": 0.8982676267623901,
            "2": 0.9657134413719177
        }
    }
}