{
    "confidence_score": 0.9667655229568481,
    "ptm": 0.9758794903755188,
    "iptm": 0.9828314185142517,
    "ligand_iptm": 0.9828314185142517,
    "protein_iptm": 0.0,
    "complex_plddt": 0.9627490639686584,
    "complex_iplddt": 0.9566129446029663,
    "complex_pde": 0.3478357493877411,
    "complex_ipde": 0.49141302704811096,
    "chains_ptm": {
        "0": 0.975371778011322,
        "1": 0.9230331182479858
    },
    "pair_chains_iptm": {
        "0": {
            "0": 0.975371778011322,
            "1": 0.8056138753890991
        },
        "1": {
            "0": 0.9828314185142517,
            "1": 0.9230331182479858
        }
    }
}