{
    "confidence_score": 0.976516842842102,
    "ptm": 0.9794406890869141,
    "iptm": 0.9865451455116272,
    "ligand_iptm": 0.9865451455116272,
    "protein_iptm": 0.0,
    "complex_plddt": 0.9740096926689148,
    "complex_iplddt": 0.9741227626800537,
    "complex_pde": 0.32093167304992676,
    "complex_ipde": 0.4257986843585968,
    "chains_ptm": {
        "0": 0.9785666465759277,
        "1": 0.9359643459320068
    },
    "pair_chains_iptm": {
        "0": {
            "0": 0.9785666465759277,
            "1": 0.7969695925712585
        },
        "1": {
            "0": 0.9865451455116272,
            "1": 0.9359643459320068
        }
    }
}