{
    "confidence_score": 0.955136775970459,
    "ptm": 0.9713788628578186,
    "iptm": 0.9879662394523621,
    "ligand_iptm": 0.9879662394523621,
    "protein_iptm": 0.0,
    "complex_plddt": 0.946929395198822,
    "complex_iplddt": 0.9659157991409302,
    "complex_pde": 0.34739747643470764,
    "complex_ipde": 0.40864449739456177,
    "chains_ptm": {
        "0": 0.9693289995193481,
        "1": 0.9452449679374695
    },
    "pair_chains_iptm": {
        "0": {
            "0": 0.9693289995193481,
            "1": 0.813439667224884
        },
        "1": {
            "0": 0.9879662394523621,
            "1": 0.9452449679374695
        }
    }
}