{
    "confidence_score": 0.955267071723938,
    "ptm": 0.9701864719390869,
    "iptm": 0.9875314235687256,
    "ligand_iptm": 0.9875314235687256,
    "protein_iptm": 0.0,
    "complex_plddt": 0.9472009539604187,
    "complex_iplddt": 0.9665127396583557,
    "complex_pde": 0.3536771535873413,
    "complex_ipde": 0.4206359088420868,
    "chains_ptm": {
        "0": 0.968075156211853,
        "1": 0.9403900504112244
    },
    "pair_chains_iptm": {
        "0": {
            "0": 0.968075156211853,
            "1": 0.8020291924476624
        },
        "1": {
            "0": 0.9875314235687256,
            "1": 0.9403900504112244
        }
    }
}