{
    "confidence_score": 0.9736030697822571,
    "ptm": 0.9783108234405518,
    "iptm": 0.9850196838378906,
    "ligand_iptm": 0.9850196838378906,
    "protein_iptm": 0.0,
    "complex_plddt": 0.9707488417625427,
    "complex_iplddt": 0.9693356156349182,
    "complex_pde": 0.3368157744407654,
    "complex_ipde": 0.43695518374443054,
    "chains_ptm": {
        "0": 0.9773687124252319,
        "1": 0.9551222324371338,
        "2": 0.965755045413971
    },
    "pair_chains_iptm": {
        "0": {
            "0": 0.9773687124252319,
            "1": 0.8381439447402954,
            "2": 0.5146703124046326
        },
        "1": {
            "0": 0.98922199010849,
            "1": 0.9551222324371338,
            "2": 0.6001036167144775
        },
        "2": {
            "0": 0.9675655961036682,
            "1": 0.8913182020187378,
            "2": 0.965755045413971
        }
    }
}