{
    "confidence_score": 0.9585121273994446,
    "ptm": 0.9729672074317932,
    "iptm": 0.9848856925964355,
    "ligand_iptm": 0.9848856925964355,
    "protein_iptm": 0.0,
    "complex_plddt": 0.9519186615943909,
    "complex_iplddt": 0.9604398608207703,
    "complex_pde": 0.3534979522228241,
    "complex_ipde": 0.47454091906547546,
    "chains_ptm": {
        "0": 0.9717442989349365,
        "1": 0.9389249086380005
    },
    "pair_chains_iptm": {
        "0": {
            "0": 0.9717442989349365,
            "1": 0.7920637726783752
        },
        "1": {
            "0": 0.9848856925964355,
            "1": 0.9389249086380005
        }
    }
}