{
    "confidence_score": 0.9635607004165649,
    "ptm": 0.975488543510437,
    "iptm": 0.9871684908866882,
    "ligand_iptm": 0.9871684908866882,
    "protein_iptm": 0.0,
    "complex_plddt": 0.9576587080955505,
    "complex_iplddt": 0.9669370055198669,
    "complex_pde": 0.3409191370010376,
    "complex_ipde": 0.4346681535243988,
    "chains_ptm": {
        "0": 0.9739500880241394,
        "1": 0.9446701407432556
    },
    "pair_chains_iptm": {
        "0": {
            "0": 0.9739500880241394,
            "1": 0.8162298202514648
        },
        "1": {
            "0": 0.9871684908866882,
            "1": 0.9446701407432556
        }
    }
}