{
    "confidence_score": 0.9485297203063965,
    "ptm": 0.9698003530502319,
    "iptm": 0.985417902469635,
    "ligand_iptm": 0.985417902469635,
    "protein_iptm": 0.0,
    "complex_plddt": 0.9393076300621033,
    "complex_iplddt": 0.9447221159934998,
    "complex_pde": 0.3626260459423065,
    "complex_ipde": 0.47825002670288086,
    "chains_ptm": {
        "0": 0.9682039022445679,
        "1": 0.93348228931427
    },
    "pair_chains_iptm": {
        "0": {
            "0": 0.9682039022445679,
            "1": 0.8326664566993713
        },
        "1": {
            "0": 0.985417902469635,
            "1": 0.93348228931427
        }
    }
}