{
    "confidence_score": 0.9200469851493835,
    "ptm": 0.9654375910758972,
    "iptm": 0.9819414615631104,
    "ligand_iptm": 0.9819414615631104,
    "protein_iptm": 0.0,
    "complex_plddt": 0.9045734405517578,
    "complex_iplddt": 0.8818103075027466,
    "complex_pde": 0.4030853807926178,
    "complex_ipde": 0.5418353080749512,
    "chains_ptm": {
        "0": 0.9631268978118896,
        "1": 0.9216697216033936
    },
    "pair_chains_iptm": {
        "0": {
            "0": 0.9631268978118896,
            "1": 0.8061498403549194
        },
        "1": {
            "0": 0.9819414615631104,
            "1": 0.9216697216033936
        }
    }
}