{
    "confidence_score": 0.9175466895103455,
    "ptm": 0.9651338458061218,
    "iptm": 0.9824659824371338,
    "ligand_iptm": 0.9824659824371338,
    "protein_iptm": 0.0,
    "complex_plddt": 0.9013168215751648,
    "complex_iplddt": 0.871925413608551,
    "complex_pde": 0.4042540490627289,
    "complex_ipde": 0.556773841381073,
    "chains_ptm": {
        "0": 0.9628064036369324,
        "1": 0.9232760667800903
    },
    "pair_chains_iptm": {
        "0": {
            "0": 0.9628064036369324,
            "1": 0.7996453046798706
        },
        "1": {
            "0": 0.9824659824371338,
            "1": 0.9232760667800903
        }
    }
}