{
    "confidence_score": 0.9795857667922974,
    "ptm": 0.9842618703842163,
    "iptm": 0.9870407581329346,
    "ligand_iptm": 0.9870407581329346,
    "protein_iptm": 0.0,
    "complex_plddt": 0.9777219891548157,
    "complex_iplddt": 0.9776671528816223,
    "complex_pde": 0.3066808581352234,
    "complex_ipde": 0.3946722447872162,
    "chains_ptm": {
        "0": 0.9841424226760864,
        "1": 0.9665219783782959,
        "2": 0.9674299359321594
    },
    "pair_chains_iptm": {
        "0": {
            "0": 0.9841424226760864,
            "1": 0.8517662882804871,
            "2": 0.5033371448516846
        },
        "1": {
            "0": 0.9915568232536316,
            "1": 0.9665219783782959,
            "2": 0.606200098991394
        },
        "2": {
            "0": 0.9684641361236572,
            "1": 0.8979851603507996,
            "2": 0.9674299359321594
        }
    }
}