{
    "confidence_score": 0.9697971343994141,
    "ptm": 0.9775146245956421,
    "iptm": 0.9886852502822876,
    "ligand_iptm": 0.9886852502822876,
    "protein_iptm": 0.0,
    "complex_plddt": 0.9650751352310181,
    "complex_iplddt": 0.9690645933151245,
    "complex_pde": 0.3268389105796814,
    "complex_ipde": 0.406330406665802,
    "chains_ptm": {
        "0": 0.9759460687637329,
        "1": 0.964766263961792,
        "2": 0.976318359375
    },
    "pair_chains_iptm": {
        "0": {
            "0": 0.9759460687637329,
            "1": 0.8780805468559265,
            "2": 0.672807514667511
        },
        "1": {
            "0": 0.9909458160400391,
            "1": 0.964766263961792,
            "2": 0.7926503419876099
        },
        "2": {
            "0": 0.9802932143211365,
            "1": 0.9388666749000549,
            "2": 0.976318359375
        }
    }
}