{
    "confidence_score": 0.9471959471702576,
    "ptm": 0.9675213694572449,
    "iptm": 0.9737630486488342,
    "ligand_iptm": 0.9737630486488342,
    "protein_iptm": 0.0,
    "complex_plddt": 0.940554141998291,
    "complex_iplddt": 0.9272406697273254,
    "complex_pde": 0.40110719203948975,
    "complex_ipde": 0.6210665702819824,
    "chains_ptm": {
        "0": 0.9668136835098267,
        "1": 0.9134148955345154
    },
    "pair_chains_iptm": {
        "0": {
            "0": 0.9668136835098267,
            "1": 0.7374057769775391
        },
        "1": {
            "0": 0.9737630486488342,
            "1": 0.9134148955345154
        }
    }
}