{
    "confidence_score": 0.9241001009941101,
    "ptm": 0.9603752493858337,
    "iptm": 0.9797022342681885,
    "ligand_iptm": 0.9797022342681885,
    "protein_iptm": 0.0,
    "complex_plddt": 0.9101995229721069,
    "complex_iplddt": 0.9164761900901794,
    "complex_pde": 0.44858112931251526,
    "complex_ipde": 0.6675950288772583,
    "chains_ptm": {
        "0": 0.9582588076591492,
        "1": 0.910204291343689
    },
    "pair_chains_iptm": {
        "0": {
            "0": 0.9582588076591492,
            "1": 0.7960007786750793
        },
        "1": {
            "0": 0.9797022342681885,
            "1": 0.910204291343689
        }
    }
}