{
    "confidence_score": 0.9554197192192078,
    "ptm": 0.9567161202430725,
    "iptm": 0.985463559627533,
    "ligand_iptm": 0.985463559627533,
    "protein_iptm": 0.0,
    "complex_plddt": 0.9479087591171265,
    "complex_iplddt": 0.9709373116493225,
    "complex_pde": 0.3676096796989441,
    "complex_ipde": 0.4463774263858795,
    "chains_ptm": {
        "0": 0.9521787762641907,
        "1": 0.9432263374328613
    },
    "pair_chains_iptm": {
        "0": {
            "0": 0.9521787762641907,
            "1": 0.8113275170326233
        },
        "1": {
            "0": 0.985463559627533,
            "1": 0.9432263374328613
        }
    }
}