{
    "confidence_score": 0.974467933177948,
    "ptm": 0.9783466458320618,
    "iptm": 0.9845672845840454,
    "ligand_iptm": 0.9845672845840454,
    "protein_iptm": 0.0,
    "complex_plddt": 0.9719431400299072,
    "complex_iplddt": 0.9721933603286743,
    "complex_pde": 0.3335290551185608,
    "complex_ipde": 0.44431382417678833,
    "chains_ptm": {
        "0": 0.9772912859916687,
        "1": 0.9660616517066956,
        "2": 0.9694005250930786
    },
    "pair_chains_iptm": {
        "0": {
            "0": 0.9772912859916687,
            "1": 0.8449336290359497,
            "2": 0.48273035883903503
        },
        "1": {
            "0": 0.9907882213592529,
            "1": 0.9660616517066956,
            "2": 0.6003779172897339
        },
        "2": {
            "0": 0.9572855830192566,
            "1": 0.8959868550300598,
            "2": 0.9694005250930786
        }
    }
}