{
    "confidence_score": 0.9503354430198669,
    "ptm": 0.9706745743751526,
    "iptm": 0.9664903283119202,
    "ligand_iptm": 0.9664903283119202,
    "protein_iptm": 0.0,
    "complex_plddt": 0.9462966322898865,
    "complex_iplddt": 0.9089682698249817,
    "complex_pde": 0.4081374406814575,
    "complex_ipde": 0.6907447576522827,
    "chains_ptm": {
        "0": 0.9712982177734375,
        "1": 0.9105170965194702
    },
    "pair_chains_iptm": {
        "0": {
            "0": 0.9712982177734375,
            "1": 0.8104158043861389
        },
        "1": {
            "0": 0.9664903283119202,
            "1": 0.9105170965194702
        }
    }
}