{
    "confidence_score": 0.9530836939811707,
    "ptm": 0.9737549424171448,
    "iptm": 0.9794277548789978,
    "ligand_iptm": 0.9794277548789978,
    "protein_iptm": 0.0,
    "complex_plddt": 0.9464976787567139,
    "complex_iplddt": 0.9189480543136597,
    "complex_pde": 0.3721386194229126,
    "complex_ipde": 0.5672837495803833,
    "chains_ptm": {
        "0": 0.9729791879653931,
        "1": 0.9211360216140747
    },
    "pair_chains_iptm": {
        "0": {
            "0": 0.9729791879653931,
            "1": 0.820966899394989
        },
        "1": {
            "0": 0.9794277548789978,
            "1": 0.9211360216140747
        }
    }
}