{
    "confidence_score": 0.9748064875602722,
    "ptm": 0.9774987697601318,
    "iptm": 0.9859514236450195,
    "ligand_iptm": 0.9859514236450195,
    "protein_iptm": 0.0,
    "complex_plddt": 0.9720202684402466,
    "complex_iplddt": 0.9764006733894348,
    "complex_pde": 0.3320692479610443,
    "complex_ipde": 0.4183858335018158,
    "chains_ptm": {
        "0": 0.9765608906745911,
        "1": 0.9639105796813965,
        "2": 0.9707134366035461
    },
    "pair_chains_iptm": {
        "0": {
            "0": 0.9765608906745911,
            "1": 0.8420416712760925,
            "2": 0.5162290930747986
        },
        "1": {
            "0": 0.9907322525978088,
            "1": 0.9639105796813965,
            "2": 0.5871963500976562
        },
        "2": {
            "0": 0.9665164351463318,
            "1": 0.8993400931358337,
            "2": 0.9707134366035461
        }
    }
}