{
    "confidence_score": 0.9773374795913696,
    "ptm": 0.9840174913406372,
    "iptm": 0.9844526648521423,
    "ligand_iptm": 0.9844526648521423,
    "protein_iptm": 0.0,
    "complex_plddt": 0.9755586981773376,
    "complex_iplddt": 0.9695667028427124,
    "complex_pde": 0.31829339265823364,
    "complex_ipde": 0.44394442439079285,
    "chains_ptm": {
        "0": 0.984334409236908,
        "1": 0.9650231003761292,
        "2": 0.9705801606178284
    },
    "pair_chains_iptm": {
        "0": {
            "0": 0.984334409236908,
            "1": 0.8922166228294373,
            "2": 0.4721912741661072
        },
        "1": {
            "0": 0.9916878342628479,
            "1": 0.9650231003761292,
            "2": 0.5732593536376953
        },
        "2": {
            "0": 0.9512007236480713,
            "1": 0.9116612672805786,
            "2": 0.9705801606178284
        }
    }
}