{
    "confidence_score": 0.7891157269477844,
    "ptm": 0.860767662525177,
    "iptm": 0.9699336886405945,
    "ligand_iptm": 0.9699336886405945,
    "protein_iptm": 0.0,
    "complex_plddt": 0.7439112067222595,
    "complex_iplddt": 0.7746797204017639,
    "complex_pde": 0.7209320664405823,
    "complex_ipde": 0.9630882143974304,
    "chains_ptm": {
        "0": 0.8403342962265015,
        "1": 0.9467870593070984,
        "2": 0.9633345603942871
    },
    "pair_chains_iptm": {
        "0": {
            "0": 0.8403342962265015,
            "1": 0.7166169285774231,
            "2": 0.3642733693122864
        },
        "1": {
            "0": 0.9873620867729187,
            "1": 0.9467870593070984,
            "2": 0.5154886841773987
        },
        "2": {
            "0": 0.8962922692298889,
            "1": 0.8281263709068298,
            "2": 0.9633345603942871
        }
    }
}