{
    "target": "ee 2b (%)",
    "top_features": [
        "bindingsite_similarity_score",
        "n_bindingsite_residues",
        "cavity_n_points"
    ],
    "coefficients": {
        "bindingsite_similarity_score": 29.72102634580673,
        "n_bindingsite_residues": 22.443124676966832,
        "cavity_n_points": 20.110445926738322
    },
    "intercept": -42.897058823529434,
    "r2": 0.7611244074134689,
    "q2_loo": 0.711672251185034,
    "n_samples": 34,
    "model_file": "model_ee_2b_pct.pkl"
}