{
    "confidence_score": 0.9667549133300781,
    "ptm": 0.9809304475784302,
    "iptm": 0.9850666522979736,
    "ligand_iptm": 0.9850666522979736,
    "protein_iptm": 0.0,
    "complex_plddt": 0.9621769189834595,
    "complex_iplddt": 0.9594271779060364,
    "complex_pde": 0.3288813531398773,
    "complex_ipde": 0.4437136650085449,
    "chains_ptm": {
        "0": 0.9805835485458374,
        "1": 0.9600315093994141,
        "2": 0.9699745774269104
    },
    "pair_chains_iptm": {
        "0": {
            "0": 0.9805835485458374,
            "1": 0.8461350202560425,
            "2": 0.5163078308105469
        },
        "1": {
            "0": 0.9898056387901306,
            "1": 0.9600315093994141,
            "2": 0.5989298820495605
        },
        "2": {
            "0": 0.9675202369689941,
            "1": 0.89302659034729,
            "2": 0.9699745774269104
        }
    }
}