{
    "confidence_score": 0.9689729809761047,
    "ptm": 0.9780173301696777,
    "iptm": 0.9865240454673767,
    "ligand_iptm": 0.9865240454673767,
    "protein_iptm": 0.0,
    "complex_plddt": 0.9645852446556091,
    "complex_iplddt": 0.966429591178894,
    "complex_pde": 0.33048099279403687,
    "complex_ipde": 0.4253649115562439,
    "chains_ptm": {
        "0": 0.9768454432487488,
        "1": 0.9418280124664307
    },
    "pair_chains_iptm": {
        "0": {
            "0": 0.9768454432487488,
            "1": 0.7922104597091675
        },
        "1": {
            "0": 0.9865240454673767,
            "1": 0.9418280124664307
        }
    }
}