{
    "confidence_score": 0.9547898173332214,
    "ptm": 0.9743013381958008,
    "iptm": 0.9852338433265686,
    "ligand_iptm": 0.9852338433265686,
    "protein_iptm": 0.0,
    "complex_plddt": 0.9471787810325623,
    "complex_iplddt": 0.9330061078071594,
    "complex_pde": 0.33812639117240906,
    "complex_ipde": 0.4696238934993744,
    "chains_ptm": {
        "0": 0.973311185836792,
        "1": 0.9409428834915161
    },
    "pair_chains_iptm": {
        "0": {
            "0": 0.973311185836792,
            "1": 0.7893940806388855
        },
        "1": {
            "0": 0.9852338433265686,
            "1": 0.9409428834915161
        }
    }
}