{
    "confidence_score": 0.9660910964012146,
    "ptm": 0.9796913266181946,
    "iptm": 0.9860773682594299,
    "ligand_iptm": 0.9860773682594299,
    "protein_iptm": 0.0,
    "complex_plddt": 0.9610944986343384,
    "complex_iplddt": 0.9532517194747925,
    "complex_pde": 0.33009231090545654,
    "complex_ipde": 0.44423913955688477,
    "chains_ptm": {
        "0": 0.9791754484176636,
        "1": 0.9602914452552795,
        "2": 0.9690823554992676
    },
    "pair_chains_iptm": {
        "0": {
            "0": 0.9791754484176636,
            "1": 0.8475095629692078,
            "2": 0.536700427532196
        },
        "1": {
            "0": 0.9901657104492188,
            "1": 0.9602914452552795,
            "2": 0.641292154788971
        },
        "2": {
            "0": 0.9698938131332397,
            "1": 0.9115239381790161,
            "2": 0.9690823554992676
        }
    }
}