{
    "confidence_score": 0.9459538459777832,
    "ptm": 0.9433029294013977,
    "iptm": 0.9866862893104553,
    "ligand_iptm": 0.9866862893104553,
    "protein_iptm": 0.0,
    "complex_plddt": 0.9357707500457764,
    "complex_iplddt": 0.9604913592338562,
    "complex_pde": 0.389544814825058,
    "complex_ipde": 0.46641334891319275,
    "chains_ptm": {
        "0": 0.9374915361404419,
        "1": 0.9301075339317322
    },
    "pair_chains_iptm": {
        "0": {
            "0": 0.9374915361404419,
            "1": 0.7927098870277405
        },
        "1": {
            "0": 0.9866862893104553,
            "1": 0.9301075339317322
        }
    }
}