{
    "confidence_score": 0.9435802698135376,
    "ptm": 0.9461305737495422,
    "iptm": 0.9871408939361572,
    "ligand_iptm": 0.9871408939361572,
    "protein_iptm": 0.0,
    "complex_plddt": 0.9326900839805603,
    "complex_iplddt": 0.9584252238273621,
    "complex_pde": 0.38506898283958435,
    "complex_ipde": 0.45946115255355835,
    "chains_ptm": {
        "0": 0.9408753514289856,
        "1": 0.9326061606407166
    },
    "pair_chains_iptm": {
        "0": {
            "0": 0.9408753514289856,
            "1": 0.7937374711036682
        },
        "1": {
            "0": 0.9871408939361572,
            "1": 0.9326061606407166
        }
    }
}