{
    "confidence_score": 0.9628239870071411,
    "ptm": 0.9709829092025757,
    "iptm": 0.9832153916358948,
    "ligand_iptm": 0.9832153916358948,
    "protein_iptm": 0.0,
    "complex_plddt": 0.9577260613441467,
    "complex_iplddt": 0.9529109597206116,
    "complex_pde": 0.35026928782463074,
    "complex_ipde": 0.5154308080673218,
    "chains_ptm": {
        "0": 0.9689734578132629,
        "1": 0.9514612555503845,
        "2": 0.9663916230201721
    },
    "pair_chains_iptm": {
        "0": {
            "0": 0.9689734578132629,
            "1": 0.852955162525177,
            "2": 0.5546981692314148
        },
        "1": {
            "0": 0.9871931672096252,
            "1": 0.9514612555503845,
            "2": 0.6685840487480164
        },
        "2": {
            "0": 0.9690857529640198,
            "1": 0.9165942668914795,
            "2": 0.9663916230201721
        }
    }
}