{
    "confidence_score": 0.9760251045227051,
    "ptm": 0.9808592200279236,
    "iptm": 0.9869022965431213,
    "ligand_iptm": 0.9869022965431213,
    "protein_iptm": 0.0,
    "complex_plddt": 0.9733057618141174,
    "complex_iplddt": 0.9703506827354431,
    "complex_pde": 0.32502299547195435,
    "complex_ipde": 0.4244990348815918,
    "chains_ptm": {
        "0": 0.9804681539535522,
        "1": 0.9578543901443481,
        "2": 0.9744635820388794
    },
    "pair_chains_iptm": {
        "0": {
            "0": 0.9804681539535522,
            "1": 0.8806357383728027,
            "2": 0.608216404914856
        },
        "1": {
            "0": 0.9901142120361328,
            "1": 0.9578543901443481,
            "2": 0.7536669969558716
        },
        "2": {
            "0": 0.9731270670890808,
            "1": 0.9382403492927551,
            "2": 0.9744635820388794
        }
    }
}