{
    "confidence_score": 0.9638444781303406,
    "ptm": 0.982408881187439,
    "iptm": 0.98476243019104,
    "ligand_iptm": 0.98476243019104,
    "protein_iptm": 0.0,
    "complex_plddt": 0.9586150646209717,
    "complex_iplddt": 0.9539363980293274,
    "complex_pde": 0.3250383138656616,
    "complex_ipde": 0.4514230489730835,
    "chains_ptm": {
        "0": 0.9822150468826294,
        "1": 0.9668098092079163,
        "2": 0.9722294807434082
    },
    "pair_chains_iptm": {
        "0": {
            "0": 0.9822150468826294,
            "1": 0.855778157711029,
            "2": 0.5150595307350159
        },
        "1": {
            "0": 0.9915339350700378,
            "1": 0.9668098092079163,
            "2": 0.6514467000961304
        },
        "2": {
            "0": 0.9552422165870667,
            "1": 0.8990729451179504,
            "2": 0.9722294807434082
        }
    }
}