{
    "confidence_score": 0.955601155757904,
    "ptm": 0.9717904925346375,
    "iptm": 0.9844157695770264,
    "ligand_iptm": 0.9844157695770264,
    "protein_iptm": 0.0,
    "complex_plddt": 0.9483974575996399,
    "complex_iplddt": 0.9383305907249451,
    "complex_pde": 0.3421349823474884,
    "complex_ipde": 0.47135281562805176,
    "chains_ptm": {
        "0": 0.9699471592903137,
        "1": 0.9533988833427429,
        "2": 0.9752126336097717
    },
    "pair_chains_iptm": {
        "0": {
            "0": 0.9699471592903137,
            "1": 0.8576253652572632,
            "2": 0.6203672289848328
        },
        "1": {
            "0": 0.987725019454956,
            "1": 0.9533988833427429,
            "2": 0.7209203839302063
        },
        "2": {
            "0": 0.9749033451080322,
            "1": 0.9253693222999573,
            "2": 0.9752126336097717
        }
    }
}