{
    "confidence_score": 0.9662351012229919,
    "ptm": 0.9763987064361572,
    "iptm": 0.9863983988761902,
    "ligand_iptm": 0.9863983988761902,
    "protein_iptm": 0.0,
    "complex_plddt": 0.9611942768096924,
    "complex_iplddt": 0.9629620909690857,
    "complex_pde": 0.3291201591491699,
    "complex_ipde": 0.4295949637889862,
    "chains_ptm": {
        "0": 0.9751904606819153,
        "1": 0.9431239366531372
    },
    "pair_chains_iptm": {
        "0": {
            "0": 0.9751904606819153,
            "1": 0.8239408731460571
        },
        "1": {
            "0": 0.9863983988761902,
            "1": 0.9431239366531372
        }
    }
}