{
    "confidence_score": 0.9677882194519043,
    "ptm": 0.9754891395568848,
    "iptm": 0.9857313632965088,
    "ligand_iptm": 0.9857313632965088,
    "protein_iptm": 0.0,
    "complex_plddt": 0.9633024334907532,
    "complex_iplddt": 0.9647299647331238,
    "complex_pde": 0.3324190676212311,
    "complex_ipde": 0.44041138887405396,
    "chains_ptm": {
        "0": 0.9742546677589417,
        "1": 0.9419569373130798
    },
    "pair_chains_iptm": {
        "0": {
            "0": 0.9742546677589417,
            "1": 0.8212109804153442
        },
        "1": {
            "0": 0.9857313632965088,
            "1": 0.9419569373130798
        }
    }
}