{
    "confidence_score": 0.965864360332489,
    "ptm": 0.979032576084137,
    "iptm": 0.9852963089942932,
    "ligand_iptm": 0.9852963089942932,
    "protein_iptm": 0.0,
    "complex_plddt": 0.9610063433647156,
    "complex_iplddt": 0.9661795496940613,
    "complex_pde": 0.3475973606109619,
    "complex_ipde": 0.46773502230644226,
    "chains_ptm": {
        "0": 0.9782784581184387,
        "1": 0.9657077193260193,
        "2": 0.9720230102539062
    },
    "pair_chains_iptm": {
        "0": {
            "0": 0.9782784581184387,
            "1": 0.8678385615348816,
            "2": 0.537319540977478
        },
        "1": {
            "0": 0.991469144821167,
            "1": 0.9657077193260193,
            "2": 0.6682178378105164
        },
        "2": {
            "0": 0.9571133255958557,
            "1": 0.9068974256515503,
            "2": 0.9720230102539062
        }
    }
}