{
    "confidence_score": 0.9763612747192383,
    "ptm": 0.9803634285926819,
    "iptm": 0.9872799515724182,
    "ligand_iptm": 0.9872799515724182,
    "protein_iptm": 0.0,
    "complex_plddt": 0.9736315608024597,
    "complex_iplddt": 0.9767741560935974,
    "complex_pde": 0.31211793422698975,
    "complex_ipde": 0.4008540213108063,
    "chains_ptm": {
        "0": 0.9794797897338867,
        "1": 0.9424025416374207
    },
    "pair_chains_iptm": {
        "0": {
            "0": 0.9794797897338867,
            "1": 0.8311637043952942
        },
        "1": {
            "0": 0.9872799515724182,
            "1": 0.9424025416374207
        }
    }
}