{
    "confidence_score": 0.963047981262207,
    "ptm": 0.9782066345214844,
    "iptm": 0.9875295162200928,
    "ligand_iptm": 0.9875295162200928,
    "protein_iptm": 0.0,
    "complex_plddt": 0.9569276571273804,
    "complex_iplddt": 0.9512566924095154,
    "complex_pde": 0.32354190945625305,
    "complex_ipde": 0.42971670627593994,
    "chains_ptm": {
        "0": 0.9773985743522644,
        "1": 0.9510618448257446
    },
    "pair_chains_iptm": {
        "0": {
            "0": 0.9773985743522644,
            "1": 0.8187308311462402
        },
        "1": {
            "0": 0.9875295162200928,
            "1": 0.9510618448257446
        }
    }
}