{
    "confidence_score": 0.957410991191864,
    "ptm": 0.9625943899154663,
    "iptm": 0.9853273034095764,
    "ligand_iptm": 0.9853273034095764,
    "protein_iptm": 0.0,
    "complex_plddt": 0.9504318833351135,
    "complex_iplddt": 0.9481416940689087,
    "complex_pde": 0.37785837054252625,
    "complex_ipde": 0.4684790372848511,
    "chains_ptm": {
        "0": 0.9594498872756958,
        "1": 0.9392052888870239
    },
    "pair_chains_iptm": {
        "0": {
            "0": 0.9594498872756958,
            "1": 0.8178102970123291
        },
        "1": {
            "0": 0.9853273034095764,
            "1": 0.9392052888870239
        }
    }
}