{
    "confidence_score": 0.9546643495559692,
    "ptm": 0.9810584187507629,
    "iptm": 0.9845894575119019,
    "ligand_iptm": 0.9845894575119019,
    "protein_iptm": 0.0,
    "complex_plddt": 0.9471830129623413,
    "complex_iplddt": 0.9283255934715271,
    "complex_pde": 0.3362908959388733,
    "complex_ipde": 0.4765245020389557,
    "chains_ptm": {
        "0": 0.9805289506912231,
        "1": 0.9531408548355103,
        "2": 0.9743143916130066
    },
    "pair_chains_iptm": {
        "0": {
            "0": 0.9805289506912231,
            "1": 0.8589395880699158,
            "2": 0.5478500127792358
        },
        "1": {
            "0": 0.9888398051261902,
            "1": 0.9531408548355103,
            "2": 0.6676189303398132
        },
        "2": {
            "0": 0.9678062200546265,
            "1": 0.9125625491142273,
            "2": 0.9743143916130066
        }
    }
}