{
    "confidence_score": 0.972827136516571,
    "ptm": 0.9750393629074097,
    "iptm": 0.9852840900421143,
    "ligand_iptm": 0.9852840900421143,
    "protein_iptm": 0.0,
    "complex_plddt": 0.9697129130363464,
    "complex_iplddt": 0.9711560606956482,
    "complex_pde": 0.3384062647819519,
    "complex_ipde": 0.46685734391212463,
    "chains_ptm": {
        "0": 0.9742453694343567,
        "1": 0.9386657476425171
    },
    "pair_chains_iptm": {
        "0": {
            "0": 0.9742453694343567,
            "1": 0.7900207042694092
        },
        "1": {
            "0": 0.9852840900421143,
            "1": 0.9386657476425171
        }
    }
}