{
    "confidence_score": 0.9573114514350891,
    "ptm": 0.9747306704521179,
    "iptm": 0.9846584796905518,
    "ligand_iptm": 0.9846584796905518,
    "protein_iptm": 0.0,
    "complex_plddt": 0.9504746198654175,
    "complex_iplddt": 0.9433509111404419,
    "complex_pde": 0.347587913274765,
    "complex_ipde": 0.4802016615867615,
    "chains_ptm": {
        "0": 0.9733622074127197,
        "1": 0.9304672479629517
    },
    "pair_chains_iptm": {
        "0": {
            "0": 0.9733622074127197,
            "1": 0.8311019539833069
        },
        "1": {
            "0": 0.9846584796905518,
            "1": 0.9304672479629517
        }
    }
}