{
    "confidence_score": 0.9760379195213318,
    "ptm": 0.9778988361358643,
    "iptm": 0.9859771132469177,
    "ligand_iptm": 0.9859771132469177,
    "protein_iptm": 0.0,
    "complex_plddt": 0.9735530614852905,
    "complex_iplddt": 0.9739366173744202,
    "complex_pde": 0.32808560132980347,
    "complex_ipde": 0.44245389103889465,
    "chains_ptm": {
        "0": 0.9768581986427307,
        "1": 0.9387788772583008
    },
    "pair_chains_iptm": {
        "0": {
            "0": 0.9768581986427307,
            "1": 0.7894073128700256
        },
        "1": {
            "0": 0.9859771132469177,
            "1": 0.9387788772583008
        }
    }
}