{
    "confidence_score": 0.9721376299858093,
    "ptm": 0.9762189388275146,
    "iptm": 0.9861921668052673,
    "ligand_iptm": 0.9861921668052673,
    "protein_iptm": 0.0,
    "complex_plddt": 0.9686239957809448,
    "complex_iplddt": 0.9683189392089844,
    "complex_pde": 0.3366542458534241,
    "complex_ipde": 0.46318724751472473,
    "chains_ptm": {
        "0": 0.9753738641738892,
        "1": 0.9465659856796265
    },
    "pair_chains_iptm": {
        "0": {
            "0": 0.9753738641738892,
            "1": 0.787830114364624
        },
        "1": {
            "0": 0.9861921668052673,
            "1": 0.9465659856796265
        }
    }
}