{
    "confidence_score": 0.9638086557388306,
    "ptm": 0.9768674969673157,
    "iptm": 0.9857237339019775,
    "ligand_iptm": 0.9857237339019775,
    "protein_iptm": 0.0,
    "complex_plddt": 0.9583298563957214,
    "complex_iplddt": 0.9569833278656006,
    "complex_pde": 0.34848132729530334,
    "complex_ipde": 0.45639556646347046,
    "chains_ptm": {
        "0": 0.9756067991256714,
        "1": 0.9570682048797607,
        "2": 0.9727906584739685
    },
    "pair_chains_iptm": {
        "0": {
            "0": 0.9756067991256714,
            "1": 0.814520537853241,
            "2": 0.6159805655479431
        },
        "1": {
            "0": 0.9890153408050537,
            "1": 0.9570682048797607,
            "2": 0.7528494000434875
        },
        "2": {
            "0": 0.9710395932197571,
            "1": 0.9115470051765442,
            "2": 0.9727906584739685
        }
    }
}