{
    "confidence_score": 0.9694520831108093,
    "ptm": 0.9778960943222046,
    "iptm": 0.9872848987579346,
    "ligand_iptm": 0.9872848987579346,
    "protein_iptm": 0.0,
    "complex_plddt": 0.9649938941001892,
    "complex_iplddt": 0.9698494672775269,
    "complex_pde": 0.3208955228328705,
    "complex_ipde": 0.4009529650211334,
    "chains_ptm": {
        "0": 0.977157711982727,
        "1": 0.9422077536582947
    },
    "pair_chains_iptm": {
        "0": {
            "0": 0.977157711982727,
            "1": 0.8391530513763428
        },
        "1": {
            "0": 0.9872848987579346,
            "1": 0.9422077536582947
        }
    }
}