{
    "confidence_score": 0.9388317465782166,
    "ptm": 0.9501856565475464,
    "iptm": 0.9871025681495667,
    "ligand_iptm": 0.9871025681495667,
    "protein_iptm": 0.0,
    "complex_plddt": 0.9267640113830566,
    "complex_iplddt": 0.9535879492759705,
    "complex_pde": 0.43077352643013,
    "complex_ipde": 0.5079221129417419,
    "chains_ptm": {
        "0": 0.9453259706497192,
        "1": 0.9413262605667114
    },
    "pair_chains_iptm": {
        "0": {
            "0": 0.9453259706497192,
            "1": 0.802617609500885
        },
        "1": {
            "0": 0.9871025681495667,
            "1": 0.9413262605667114
        }
    }
}