{
    "confidence_score": 0.9719839096069336,
    "ptm": 0.981652021408081,
    "iptm": 0.9886738061904907,
    "ligand_iptm": 0.9886738061904907,
    "protein_iptm": 0.0,
    "complex_plddt": 0.9678114652633667,
    "complex_iplddt": 0.9723960161209106,
    "complex_pde": 0.3183741271495819,
    "complex_ipde": 0.3889564275741577,
    "chains_ptm": {
        "0": 0.9807021021842957,
        "1": 0.958900511264801,
        "2": 0.9759977459907532
    },
    "pair_chains_iptm": {
        "0": {
            "0": 0.9807021021842957,
            "1": 0.8664185404777527,
            "2": 0.6764538288116455
        },
        "1": {
            "0": 0.9905062317848206,
            "1": 0.958900511264801,
            "2": 0.7941087484359741
        },
        "2": {
            "0": 0.982905924320221,
            "1": 0.9441670775413513,
            "2": 0.9759977459907532
        }
    }
}