{
    "confidence_score": 0.7888661623001099,
    "ptm": 0.8152317404747009,
    "iptm": 0.9799991250038147,
    "ligand_iptm": 0.9799991250038147,
    "protein_iptm": 0.0,
    "complex_plddt": 0.7410829067230225,
    "complex_iplddt": 0.7841343283653259,
    "complex_pde": 0.848633348941803,
    "complex_ipde": 0.9196382761001587,
    "chains_ptm": {
        "0": 0.7890641689300537,
        "1": 0.9197341203689575
    },
    "pair_chains_iptm": {
        "0": {
            "0": 0.7890641689300537,
            "1": 0.6284911632537842
        },
        "1": {
            "0": 0.9799991250038147,
            "1": 0.9197341203689575
        }
    }
}