{
    "confidence_score": 0.9644104242324829,
    "ptm": 0.9785656332969666,
    "iptm": 0.9872799515724182,
    "ligand_iptm": 0.9872799515724182,
    "protein_iptm": 0.0,
    "complex_plddt": 0.9586929678916931,
    "complex_iplddt": 0.9633871912956238,
    "complex_pde": 0.32877999544143677,
    "complex_ipde": 0.44643980264663696,
    "chains_ptm": {
        "0": 0.9774507880210876,
        "1": 0.9401700496673584
    },
    "pair_chains_iptm": {
        "0": {
            "0": 0.9774507880210876,
            "1": 0.8328673243522644
        },
        "1": {
            "0": 0.9872799515724182,
            "1": 0.9401700496673584
        }
    }
}