{
    "confidence_score": 0.9563282132148743,
    "ptm": 0.977628231048584,
    "iptm": 0.9776121973991394,
    "ligand_iptm": 0.9776121973991394,
    "protein_iptm": 0.0,
    "complex_plddt": 0.9510072469711304,
    "complex_iplddt": 0.9466087818145752,
    "complex_pde": 0.37254950404167175,
    "complex_ipde": 0.6043490767478943,
    "chains_ptm": {
        "0": 0.9776785373687744,
        "1": 0.962780237197876,
        "2": 0.9676421880722046
    },
    "pair_chains_iptm": {
        "0": {
            "0": 0.9776785373687744,
            "1": 0.8567259907722473,
            "2": 0.4024636447429657
        },
        "1": {
            "0": 0.9908159375190735,
            "1": 0.962780237197876,
            "2": 0.5172613859176636
        },
        "2": {
            "0": 0.9155992865562439,
            "1": 0.8650692701339722,
            "2": 0.9676421880722046
        }
    }
}