{
    "confidence_score": 0.9671785235404968,
    "ptm": 0.9799202084541321,
    "iptm": 0.987354040145874,
    "ligand_iptm": 0.987354040145874,
    "protein_iptm": 0.0,
    "complex_plddt": 0.962134599685669,
    "complex_iplddt": 0.9599284529685974,
    "complex_pde": 0.3121262192726135,
    "complex_ipde": 0.4003894627094269,
    "chains_ptm": {
        "0": 0.9793878793716431,
        "1": 0.9459317922592163
    },
    "pair_chains_iptm": {
        "0": {
            "0": 0.9793878793716431,
            "1": 0.8249895572662354
        },
        "1": {
            "0": 0.987354040145874,
            "1": 0.9459317922592163
        }
    }
}