{
    "confidence_score": 0.9717475175857544,
    "ptm": 0.9726825952529907,
    "iptm": 0.982075035572052,
    "ligand_iptm": 0.982075035572052,
    "protein_iptm": 0.0,
    "complex_plddt": 0.969165563583374,
    "complex_iplddt": 0.9739420413970947,
    "complex_pde": 0.3523244857788086,
    "complex_ipde": 0.48193439841270447,
    "chains_ptm": {
        "0": 0.97159343957901,
        "1": 0.9559708833694458,
        "2": 0.9664006233215332
    },
    "pair_chains_iptm": {
        "0": {
            "0": 0.97159343957901,
            "1": 0.8203585147857666,
            "2": 0.4485703706741333
        },
        "1": {
            "0": 0.9894241690635681,
            "1": 0.9559708833694458,
            "2": 0.5679373145103455
        },
        "2": {
            "0": 0.950355589389801,
            "1": 0.8815370202064514,
            "2": 0.9664006233215332
        }
    }
}