{
    "confidence_score": 0.9764284491539001,
    "ptm": 0.9855543375015259,
    "iptm": 0.9878954291343689,
    "ligand_iptm": 0.9878954291343689,
    "protein_iptm": 0.0,
    "complex_plddt": 0.973561704158783,
    "complex_iplddt": 0.9711111783981323,
    "complex_pde": 0.3040929138660431,
    "complex_ipde": 0.38882339000701904,
    "chains_ptm": {
        "0": 0.9854928255081177,
        "1": 0.9644725322723389,
        "2": 0.9662933945655823
    },
    "pair_chains_iptm": {
        "0": {
            "0": 0.9854928255081177,
            "1": 0.8668178915977478,
            "2": 0.5653056502342224
        },
        "1": {
            "0": 0.9913513660430908,
            "1": 0.9644725322723389,
            "2": 0.6631730794906616
        },
        "2": {
            "0": 0.9756054878234863,
            "1": 0.9249878525733948,
            "2": 0.9662933945655823
        }
    }
}