{
    "confidence_score": 0.9401222467422485,
    "ptm": 0.9514245986938477,
    "iptm": 0.9851712584495544,
    "ligand_iptm": 0.9851712584495544,
    "protein_iptm": 0.0,
    "complex_plddt": 0.9288599491119385,
    "complex_iplddt": 0.9510922431945801,
    "complex_pde": 0.3981027901172638,
    "complex_ipde": 0.4794256389141083,
    "chains_ptm": {
        "0": 0.9471449851989746,
        "1": 0.9226543307304382
    },
    "pair_chains_iptm": {
        "0": {
            "0": 0.9471449851989746,
            "1": 0.811110258102417
        },
        "1": {
            "0": 0.9851712584495544,
            "1": 0.9226543307304382
        }
    }
}