{
    "confidence_score": 0.9430007338523865,
    "ptm": 0.9567205309867859,
    "iptm": 0.9855429530143738,
    "ligand_iptm": 0.9855429530143738,
    "protein_iptm": 0.0,
    "complex_plddt": 0.9323651194572449,
    "complex_iplddt": 0.9516633749008179,
    "complex_pde": 0.3815712332725525,
    "complex_ipde": 0.46735644340515137,
    "chains_ptm": {
        "0": 0.9531371593475342,
        "1": 0.9303306937217712
    },
    "pair_chains_iptm": {
        "0": {
            "0": 0.9531371593475342,
            "1": 0.827938437461853
        },
        "1": {
            "0": 0.9855429530143738,
            "1": 0.9303306937217712
        }
    }
}