{
    "confidence_score": 0.9560956358909607,
    "ptm": 0.9772303104400635,
    "iptm": 0.9861714243888855,
    "ligand_iptm": 0.9861714243888855,
    "protein_iptm": 0.0,
    "complex_plddt": 0.9485766887664795,
    "complex_iplddt": 0.9338635206222534,
    "complex_pde": 0.328044593334198,
    "complex_ipde": 0.4544019401073456,
    "chains_ptm": {
        "0": 0.9764922857284546,
        "1": 0.9404029846191406
    },
    "pair_chains_iptm": {
        "0": {
            "0": 0.9764922857284546,
            "1": 0.8161720633506775
        },
        "1": {
            "0": 0.9861714243888855,
            "1": 0.9404029846191406
        }
    }
}