{
    "confidence_score": 0.9620012640953064,
    "ptm": 0.9758555889129639,
    "iptm": 0.9852943420410156,
    "ligand_iptm": 0.9852943420410156,
    "protein_iptm": 0.0,
    "complex_plddt": 0.9561778903007507,
    "complex_iplddt": 0.9578916430473328,
    "complex_pde": 0.3582344949245453,
    "complex_ipde": 0.4879128038883209,
    "chains_ptm": {
        "0": 0.9747021198272705,
        "1": 0.9599745273590088,
        "2": 0.9663366079330444
    },
    "pair_chains_iptm": {
        "0": {
            "0": 0.9747021198272705,
            "1": 0.8344471454620361,
            "2": 0.539415717124939
        },
        "1": {
            "0": 0.9894576072692871,
            "1": 0.9599745273590088,
            "2": 0.639446496963501
        },
        "2": {
            "0": 0.9709241986274719,
            "1": 0.8989951610565186,
            "2": 0.9663366079330444
        }
    }
}