{
    "confidence_score": 0.978264331817627,
    "ptm": 0.9808912873268127,
    "iptm": 0.9845638871192932,
    "ligand_iptm": 0.9845638871192932,
    "protein_iptm": 0.0,
    "complex_plddt": 0.9766893982887268,
    "complex_iplddt": 0.9796704649925232,
    "complex_pde": 0.33050301671028137,
    "complex_ipde": 0.4634033441543579,
    "chains_ptm": {
        "0": 0.9807525277137756,
        "1": 0.9584769606590271,
        "2": 0.9676833152770996
    },
    "pair_chains_iptm": {
        "0": {
            "0": 0.9807525277137756,
            "1": 0.8340986967086792,
            "2": 0.4738010764122009
        },
        "1": {
            "0": 0.9894517064094543,
            "1": 0.9584769606590271,
            "2": 0.6078958511352539
        },
        "2": {
            "0": 0.9643232822418213,
            "1": 0.8896653056144714,
            "2": 0.9676833152770996
        }
    }
}