{
    "confidence_score": 0.9719021916389465,
    "ptm": 0.9797778129577637,
    "iptm": 0.9881858229637146,
    "ligand_iptm": 0.9881858229637146,
    "protein_iptm": 0.0,
    "complex_plddt": 0.9678313136100769,
    "complex_iplddt": 0.9653376936912537,
    "complex_pde": 0.3095579147338867,
    "complex_ipde": 0.3882237374782562,
    "chains_ptm": {
        "0": 0.9790692925453186,
        "1": 0.9420000910758972
    },
    "pair_chains_iptm": {
        "0": {
            "0": 0.9790692925453186,
            "1": 0.8410519361495972
        },
        "1": {
            "0": 0.9881858229637146,
            "1": 0.9420000910758972
        }
    }
}