{
    "confidence_score": 0.9704856276512146,
    "ptm": 0.9750940799713135,
    "iptm": 0.9850694537162781,
    "ligand_iptm": 0.9850694537162781,
    "protein_iptm": 0.0,
    "complex_plddt": 0.9668396711349487,
    "complex_iplddt": 0.9687637090682983,
    "complex_pde": 0.33941641449928284,
    "complex_ipde": 0.46769580245018005,
    "chains_ptm": {
        "0": 0.9743091464042664,
        "1": 0.9421812891960144
    },
    "pair_chains_iptm": {
        "0": {
            "0": 0.9743091464042664,
            "1": 0.7838882207870483
        },
        "1": {
            "0": 0.9850694537162781,
            "1": 0.9421812891960144
        }
    }
}