{
    "confidence_score": 0.9381874203681946,
    "ptm": 0.9585015773773193,
    "iptm": 0.9827098250389099,
    "ligand_iptm": 0.9827098250389099,
    "protein_iptm": 0.0,
    "complex_plddt": 0.9270567893981934,
    "complex_iplddt": 0.9382003545761108,
    "complex_pde": 0.42504626512527466,
    "complex_ipde": 0.5540668368339539,
    "chains_ptm": {
        "0": 0.9551070332527161,
        "1": 0.9202095866203308
    },
    "pair_chains_iptm": {
        "0": {
            "0": 0.9551070332527161,
            "1": 0.7840816974639893
        },
        "1": {
            "0": 0.9827098250389099,
            "1": 0.9202095866203308
        }
    }
}