{
    "confidence_score": 0.9391312003135681,
    "ptm": 0.961193859577179,
    "iptm": 0.9837742447853088,
    "ligand_iptm": 0.9837742447853088,
    "protein_iptm": 0.0,
    "complex_plddt": 0.9279704093933105,
    "complex_iplddt": 0.9392577409744263,
    "complex_pde": 0.41467055678367615,
    "complex_ipde": 0.5334950089454651,
    "chains_ptm": {
        "0": 0.9580062031745911,
        "1": 0.9205577373504639
    },
    "pair_chains_iptm": {
        "0": {
            "0": 0.9580062031745911,
            "1": 0.7976792454719543
        },
        "1": {
            "0": 0.9837742447853088,
            "1": 0.9205577373504639
        }
    }
}