{
    "confidence_score": 0.935982882976532,
    "ptm": 0.9535270929336548,
    "iptm": 0.984467089176178,
    "ligand_iptm": 0.984467089176178,
    "protein_iptm": 0.0,
    "complex_plddt": 0.9238618612289429,
    "complex_iplddt": 0.9251136183738708,
    "complex_pde": 0.4398396909236908,
    "complex_ipde": 0.6161919832229614,
    "chains_ptm": {
        "0": 0.9495030641555786,
        "1": 0.9303614497184753
    },
    "pair_chains_iptm": {
        "0": {
            "0": 0.9495030641555786,
            "1": 0.7865323424339294
        },
        "1": {
            "0": 0.984467089176178,
            "1": 0.9303614497184753
        }
    }
}