{
    "confidence_score": 0.9362601637840271,
    "ptm": 0.958489179611206,
    "iptm": 0.9854249358177185,
    "ligand_iptm": 0.9854249358177185,
    "protein_iptm": 0.0,
    "complex_plddt": 0.9239689111709595,
    "complex_iplddt": 0.9218740463256836,
    "complex_pde": 0.4087751507759094,
    "complex_ipde": 0.58184814453125,
    "chains_ptm": {
        "0": 0.9549554586410522,
        "1": 0.9355450868606567
    },
    "pair_chains_iptm": {
        "0": {
            "0": 0.9549554586410522,
            "1": 0.749137282371521
        },
        "1": {
            "0": 0.9854249358177185,
            "1": 0.9355450868606567
        }
    }
}