{
    "confidence_score": 0.9364165663719177,
    "ptm": 0.9592517018318176,
    "iptm": 0.9860755801200867,
    "ligand_iptm": 0.9860755801200867,
    "protein_iptm": 0.0,
    "complex_plddt": 0.9240018129348755,
    "complex_iplddt": 0.9459107518196106,
    "complex_pde": 0.40744632482528687,
    "complex_ipde": 0.4961041808128357,
    "chains_ptm": {
        "0": 0.9549121260643005,
        "1": 0.9558087587356567,
        "2": 0.9740663170814514
    },
    "pair_chains_iptm": {
        "0": {
            "0": 0.9549121260643005,
            "1": 0.8218227028846741,
            "2": 0.6153631210327148
        },
        "1": {
            "0": 0.9897188544273376,
            "1": 0.9558087587356567,
            "2": 0.7594650983810425
        },
        "2": {
            "0": 0.972346842288971,
            "1": 0.9262190461158752,
            "2": 0.9740663170814514
        }
    }
}