{
    "confidence_score": 0.9347931146621704,
    "ptm": 0.9369910955429077,
    "iptm": 0.9879949688911438,
    "ligand_iptm": 0.9879949688911438,
    "protein_iptm": 0.0,
    "complex_plddt": 0.9214926362037659,
    "complex_iplddt": 0.9358803033828735,
    "complex_pde": 0.4196167290210724,
    "complex_ipde": 0.48211508989334106,
    "chains_ptm": {
        "0": 0.930573582649231,
        "1": 0.9397949576377869
    },
    "pair_chains_iptm": {
        "0": {
            "0": 0.930573582649231,
            "1": 0.8051610589027405
        },
        "1": {
            "0": 0.9879949688911438,
            "1": 0.9397949576377869
        }
    }
}