{
    "confidence_score": 0.937373161315918,
    "ptm": 0.9300634264945984,
    "iptm": 0.9878184795379639,
    "ligand_iptm": 0.9878184795379639,
    "protein_iptm": 0.0,
    "complex_plddt": 0.9247618913650513,
    "complex_iplddt": 0.9393780827522278,
    "complex_pde": 0.4410149157047272,
    "complex_ipde": 0.4844909906387329,
    "chains_ptm": {
        "0": 0.9229465126991272,
        "1": 0.9381766319274902
    },
    "pair_chains_iptm": {
        "0": {
            "0": 0.9229465126991272,
            "1": 0.7980953454971313
        },
        "1": {
            "0": 0.9878184795379639,
            "1": 0.9381766319274902
        }
    }
}