{
    "confidence_score": 0.9547207951545715,
    "ptm": 0.9752359390258789,
    "iptm": 0.9843726754188538,
    "ligand_iptm": 0.9843726754188538,
    "protein_iptm": 0.0,
    "complex_plddt": 0.947307825088501,
    "complex_iplddt": 0.9498966932296753,
    "complex_pde": 0.36397626996040344,
    "complex_ipde": 0.4910649061203003,
    "chains_ptm": {
        "0": 0.9740469455718994,
        "1": 0.9484562277793884,
        "2": 0.9690923094749451
    },
    "pair_chains_iptm": {
        "0": {
            "0": 0.9740469455718994,
            "1": 0.7863441109657288,
            "2": 0.550530731678009
        },
        "1": {
            "0": 0.987715482711792,
            "1": 0.9484562277793884,
            "2": 0.6988155841827393
        },
        "2": {
            "0": 0.9741744995117188,
            "1": 0.8927677869796753,
            "2": 0.9690923094749451
        }
    }
}