{
    "confidence_score": 0.957835853099823,
    "ptm": 0.9803294539451599,
    "iptm": 0.9859384298324585,
    "ligand_iptm": 0.9859384298324585,
    "protein_iptm": 0.0,
    "complex_plddt": 0.9508102536201477,
    "complex_iplddt": 0.9377201199531555,
    "complex_pde": 0.3203360438346863,
    "complex_ipde": 0.42920947074890137,
    "chains_ptm": {
        "0": 0.9797986149787903,
        "1": 0.9615373015403748,
        "2": 0.9669069051742554
    },
    "pair_chains_iptm": {
        "0": {
            "0": 0.9797986149787903,
            "1": 0.832946240901947,
            "2": 0.5038242340087891
        },
        "1": {
            "0": 0.9901650547981262,
            "1": 0.9615373015403748,
            "2": 0.6106557846069336
        },
        "2": {
            "0": 0.9726486206054688,
            "1": 0.9012842178344727,
            "2": 0.9669069051742554
        }
    }
}