{
    "confidence_score": 0.9685619473457336,
    "ptm": 0.9739421010017395,
    "iptm": 0.9855456948280334,
    "ligand_iptm": 0.9855456948280334,
    "protein_iptm": 0.0,
    "complex_plddt": 0.9643159508705139,
    "complex_iplddt": 0.9638519287109375,
    "complex_pde": 0.322698712348938,
    "complex_ipde": 0.39225465059280396,
    "chains_ptm": {
        "0": 0.9732065200805664,
        "1": 0.9230656027793884
    },
    "pair_chains_iptm": {
        "0": {
            "0": 0.9732065200805664,
            "1": 0.7878227829933167
        },
        "1": {
            "0": 0.9855456948280334,
            "1": 0.9230656027793884
        }
    }
}