{
    "confidence_score": 0.9694213271141052,
    "ptm": 0.9741851687431335,
    "iptm": 0.9852003455162048,
    "ligand_iptm": 0.9852003455162048,
    "protein_iptm": 0.0,
    "complex_plddt": 0.9654765129089355,
    "complex_iplddt": 0.9636611342430115,
    "complex_pde": 0.32416224479675293,
    "complex_ipde": 0.3979257345199585,
    "chains_ptm": {
        "0": 0.9733771085739136,
        "1": 0.9166127443313599
    },
    "pair_chains_iptm": {
        "0": {
            "0": 0.9733771085739136,
            "1": 0.7799332141876221
        },
        "1": {
            "0": 0.9852003455162048,
            "1": 0.9166127443313599
        }
    }
}