{
    "confidence_score": 0.9678762555122375,
    "ptm": 0.9752334356307983,
    "iptm": 0.9863831996917725,
    "ligand_iptm": 0.9863831996917725,
    "protein_iptm": 0.0,
    "complex_plddt": 0.9632494449615479,
    "complex_iplddt": 0.962543785572052,
    "complex_pde": 0.3299455940723419,
    "complex_ipde": 0.43079355359077454,
    "chains_ptm": {
        "0": 0.9741442203521729,
        "1": 0.9466311931610107
    },
    "pair_chains_iptm": {
        "0": {
            "0": 0.9741442203521729,
            "1": 0.7889286875724792
        },
        "1": {
            "0": 0.9863831996917725,
            "1": 0.9466311931610107
        }
    }
}