{
    "confidence_score": 0.9540324211120605,
    "ptm": 0.9713753461837769,
    "iptm": 0.9854183793067932,
    "ligand_iptm": 0.9854183793067932,
    "protein_iptm": 0.0,
    "complex_plddt": 0.9461858868598938,
    "complex_iplddt": 0.9580249190330505,
    "complex_pde": 0.3742343485355377,
    "complex_ipde": 0.47582003474235535,
    "chains_ptm": {
        "0": 0.969237208366394,
        "1": 0.950883150100708,
        "2": 0.9745472073554993
    },
    "pair_chains_iptm": {
        "0": {
            "0": 0.969237208366394,
            "1": 0.8502405285835266,
            "2": 0.5784553289413452
        },
        "1": {
            "0": 0.9889970421791077,
            "1": 0.950883150100708,
            "2": 0.7187986373901367
        },
        "2": {
            "0": 0.9680803418159485,
            "1": 0.9231553077697754,
            "2": 0.9745472073554993
        }
    }
}