{
    "confidence_score": 0.9716434478759766,
    "ptm": 0.9774311184883118,
    "iptm": 0.9862011075019836,
    "ligand_iptm": 0.9862011075019836,
    "protein_iptm": 0.0,
    "complex_plddt": 0.968004047870636,
    "complex_iplddt": 0.963688313961029,
    "complex_pde": 0.3213330805301666,
    "complex_ipde": 0.42143669724464417,
    "chains_ptm": {
        "0": 0.9767110347747803,
        "1": 0.938843846321106
    },
    "pair_chains_iptm": {
        "0": {
            "0": 0.9767110347747803,
            "1": 0.8340192437171936
        },
        "1": {
            "0": 0.9862011075019836,
            "1": 0.938843846321106
        }
    }
}