{
    "confidence_score": 0.9699084162712097,
    "ptm": 0.9750588536262512,
    "iptm": 0.9877803325653076,
    "ligand_iptm": 0.9877803325653076,
    "protein_iptm": 0.0,
    "complex_plddt": 0.9654404520988464,
    "complex_iplddt": 0.9733089804649353,
    "complex_pde": 0.3327074646949768,
    "complex_ipde": 0.4161667227745056,
    "chains_ptm": {
        "0": 0.9732823967933655,
        "1": 0.9487968683242798
    },
    "pair_chains_iptm": {
        "0": {
            "0": 0.9732823967933655,
            "1": 0.8182191252708435
        },
        "1": {
            "0": 0.9877803325653076,
            "1": 0.9487968683242798
        }
    }
}