{
    "confidence_score": 0.9690729379653931,
    "ptm": 0.976862370967865,
    "iptm": 0.988472044467926,
    "ligand_iptm": 0.988472044467926,
    "protein_iptm": 0.0,
    "complex_plddt": 0.9642231464385986,
    "complex_iplddt": 0.9728426933288574,
    "complex_pde": 0.3235257565975189,
    "complex_ipde": 0.39716097712516785,
    "chains_ptm": {
        "0": 0.9752131700515747,
        "1": 0.9544923305511475
    },
    "pair_chains_iptm": {
        "0": {
            "0": 0.9752131700515747,
            "1": 0.8270668983459473
        },
        "1": {
            "0": 0.988472044467926,
            "1": 0.9544923305511475
        }
    }
}