{
    "confidence_score": 0.9617180228233337,
    "ptm": 0.9687733054161072,
    "iptm": 0.9866153597831726,
    "ligand_iptm": 0.9866153597831726,
    "protein_iptm": 0.0,
    "complex_plddt": 0.955493688583374,
    "complex_iplddt": 0.962602972984314,
    "complex_pde": 0.33548617362976074,
    "complex_ipde": 0.41118916869163513,
    "chains_ptm": {
        "0": 0.9668319225311279,
        "1": 0.9323257803916931
    },
    "pair_chains_iptm": {
        "0": {
            "0": 0.9668319225311279,
            "1": 0.8127344846725464
        },
        "1": {
            "0": 0.9866153597831726,
            "1": 0.9323257803916931
        }
    }
}