{
    "confidence_score": 0.9622048735618591,
    "ptm": 0.9673835039138794,
    "iptm": 0.9860901832580566,
    "ligand_iptm": 0.9860901832580566,
    "protein_iptm": 0.0,
    "complex_plddt": 0.9562335014343262,
    "complex_iplddt": 0.964196503162384,
    "complex_pde": 0.3408500850200653,
    "complex_ipde": 0.41943418979644775,
    "chains_ptm": {
        "0": 0.9649642109870911,
        "1": 0.9290441274642944
    },
    "pair_chains_iptm": {
        "0": {
            "0": 0.9649642109870911,
            "1": 0.8106893301010132
        },
        "1": {
            "0": 0.9860901832580566,
            "1": 0.9290441274642944
        }
    }
}