{
    "confidence_score": 0.961216926574707,
    "ptm": 0.9715049862861633,
    "iptm": 0.9865184426307678,
    "ligand_iptm": 0.9865184426307678,
    "protein_iptm": 0.0,
    "complex_plddt": 0.9548915028572083,
    "complex_iplddt": 0.959080696105957,
    "complex_pde": 0.35281985998153687,
    "complex_ipde": 0.437239408493042,
    "chains_ptm": {
        "0": 0.9701836705207825,
        "1": 0.9406597018241882
    },
    "pair_chains_iptm": {
        "0": {
            "0": 0.9701836705207825,
            "1": 0.8112912774085999
        },
        "1": {
            "0": 0.9865184426307678,
            "1": 0.9406597018241882
        }
    }
}