{
    "confidence_score": 0.9597172141075134,
    "ptm": 0.971584141254425,
    "iptm": 0.9864321351051331,
    "ligand_iptm": 0.9864321351051331,
    "protein_iptm": 0.0,
    "complex_plddt": 0.9530383944511414,
    "complex_iplddt": 0.9556768536567688,
    "complex_pde": 0.35464245080947876,
    "complex_ipde": 0.45133623480796814,
    "chains_ptm": {
        "0": 0.9702965617179871,
        "1": 0.944232702255249
    },
    "pair_chains_iptm": {
        "0": {
            "0": 0.9702965617179871,
            "1": 0.8088418841362
        },
        "1": {
            "0": 0.9864321351051331,
            "1": 0.944232702255249
        }
    }
}